現路徑,處置,目標路徑,理由
AGENTS.md,保留,AGENTS.md,只隨規約搬移改連結
README.md,拆分,README.md＋ROADMAP.md,改為短首頁；Phase2 歷史公告移入決策紀錄，分區說明移入新 ROADMAP.md
作者投放區/README.md,保留,作者投放區/README.md,作者自己的區域，AI 只讀不改不搬
大綱/20261004_新想法逐項處理紀錄.md,歸檔,歸檔/大綱工作紀錄/20261004_新想法逐項處理紀錄.md,工作紀錄散在大綱根目錄
大綱/20261005_tmp來源處理紀錄.md,歸檔,歸檔/大綱工作紀錄/20261005_tmp來源處理紀錄.md,工作紀錄＋tmp字樣散在大綱根目錄
大綱/Phase2_後半部開荒/01_九界大比.md,歸檔,歸檔/大綱舊稿/Phase2_九界後舊稿/01_九界大比.md,檔頭自標現行入口已改〈九界奪冠返鄉〉，八強敗局撤用
大綱/Phase2_後半部開荒/02_離鄉與九界遊歷.md,歸檔,歸檔/大綱舊稿/Phase2_九界後舊稿/02_離鄉與九界遊歷.md,舊五區骨架，已被第一次聖土與年表取代
大綱/Phase2_後半部開荒/03_九弱與碎錦原.md,歸檔,歸檔/大綱舊稿/Phase2_九界後舊稿/03_九弱與碎錦原.md,舊五區骨架，九弱主體已撤
大綱/Phase2_後半部開荒/04_上界開世界.md,歸檔,歸檔/大綱舊稿/Phase2_九界後舊稿/04_上界開世界.md,舊五區骨架，全段重審
大綱/Phase2_後半部開荒/05_成道至入極.md,歸檔,歸檔/大綱舊稿/Phase2_九界後舊稿/05_成道至入極.md,舊五區骨架，88歲年表已廢
大綱/Phase2_後半部開荒/B14角色點火與C13雙路冒險試場.md,歸檔,歸檔/大綱舊稿/Phase2_九界後舊稿/B14角色點火與C13雙路冒險試場.md,檔頭：舊試場追溯，不並行採用
大綱/Phase2_後半部開荒/B14首次分路至再戰_連續承載試稿.md,歸檔,歸檔/大綱舊稿/Phase2_九界後舊稿/B14首次分路至再戰_連續承載試稿.md,全段重審未過，舊試稿
大綱/Phase2_後半部開荒/C13與B14_中段承載草圖.md,歸檔,歸檔/大綱舊稿/Phase2_九界後舊稿/C13與B14_中段承載草圖.md,全段重審未過，舊試稿
大綱/Phase2_後半部開荒/C13雙路所得至海岸重逢_連續承載試稿.md,歸檔,歸檔/大綱舊稿/Phase2_九界後舊稿/C13雙路所得至海岸重逢_連續承載試稿.md,全段重審未過，舊試稿
大綱/Phase2_後半部開荒/README.md,合併,大綱/README.md＋各階段 README,現行入口表拆到各階段資料夾；『不可被整理改掉的作者裁定』移大綱/README
大綱/Phase2_後半部開荒/Reviewer首輪_乙角色試片與古陸雙路重做.md,搬移,審查/大綱審查_20261004-08/Reviewer首輪_乙角色試片與古陸雙路重做.md,審查紀錄不放故事區
大綱/Phase2_後半部開荒/七十三至七十八歲_瘋子二十句火種.md,歸檔,歸檔/大綱舊稿/Phase2_九界後舊稿/七十三至七十八歲_瘋子二十句火種.md,88歲年表已廢；未採火種凍結
大綱/Phase2_後半部開荒/七十歲之後_墜落重活與立錨.md,歸檔,歸檔/大綱舊稿/Phase2_九界後舊稿/七十歲之後_墜落重活與立錨.md,88歲年表已廢；主體撤下
大綱/Phase2_後半部開荒/三個紅項重建_仙道與看頭Review.md,搬移,審查/大綱審查_20261004-08/三個紅項重建_仙道與看頭Review.md,審查紀錄不放故事區
大綱/Phase2_後半部開荒/上無極之後_同代成局與聖土長居.md,歸檔,歸檔/大綱舊稿/Phase2_九界後舊稿/上無極之後_同代成局與聖土長居.md,88歲年表已廢；待重建
大綱/Phase2_後半部開荒/下無極亡命期_同行偷印與古林反殺.md,搬移,大綱/05_上界中期/段四_下無極亡命期.md,總覽列為唯一來源或全書級工具；依人生階段歸位
大綱/Phase2_後半部開荒/不二與借壽崖/README.md,搬移,大綱/05_上界中期/第18-19篇_不二與借壽崖/README.md,第18、19篇
大綱/Phase2_後半部開荒/不二與借壽崖/連續大綱.md,搬移,大綱/05_上界中期/第18-19篇_不二與借壽崖/連續大綱.md,第18、19篇
大綱/Phase2_後半部開荒/世界認知揭露時間線.md,搬移,大綱/00_全書骨架/世界認知揭露時間線.md,總覽列為唯一來源或全書級工具；依人生階段歸位
大綱/Phase2_後半部開荒/世界開放矩陣_核對.md,搬移,審查/大綱審查_20261004-08/世界開放矩陣_核對.md,審查紀錄不放故事區
大綱/Phase2_後半部開荒/世界開放與往返矩陣.md,搬移,大綱/00_全書骨架/世界開放與往返矩陣.md,總覽列為唯一來源或全書級工具；依人生階段歸位
大綱/Phase2_後半部開荒/九弱_扶山接縫與胡湛.md,歸檔,歸檔/大綱舊稿/Phase2_九界後舊稿/九弱_扶山接縫與胡湛.md,勞動工程主體撤下；素材
大綱/Phase2_後半部開荒/九弱_謀生頂名與劫臨.md,歸檔,歸檔/大綱舊稿/Phase2_九界後舊稿/九弱_謀生頂名與劫臨.md,工作市場主體撤下；素材
大綱/Phase2_後半部開荒/九弱主線揭露上限圖.md,歸檔,歸檔/大綱舊稿/Phase2_九界後舊稿/九弱主線揭露上限圖.md,九弱工作主體已撤；揭露上限可移入重建稿
大綱/Phase2_後半部開荒/九弱地域與橫向人生圖.md,歸檔,歸檔/大綱舊稿/Phase2_九界後舊稿/九弱地域與橫向人生圖.md,舊生活擴寫停止排期；素材
大綱/Phase2_後半部開荒/九弱橫向擴寫_審查.md,搬移,審查/大綱審查_20261004-08/九弱橫向擴寫_審查.md,審查紀錄不放故事區
大綱/Phase2_後半部開荒/九界大比_因果與連續性審查.md,搬移,審查/大綱審查_20261004-08/九界大比_因果與連續性審查.md,審查紀錄不放故事區
大綱/Phase2_後半部開荒/九界奪冠返鄉與上界追仇.md,搬移,大綱/03_南荒與九界大比/第07篇_九界大比與返鄉/九界奪冠返鄉與上界追仇.md,總覽列為唯一來源或全書級工具；依人生階段歸位
大綱/Phase2_後半部開荒/九界後全段重審_中段Reviewer.md,搬移,審查/大綱審查_20261004-08/九界後全段重審_中段Reviewer.md,審查紀錄不放故事區
大綱/Phase2_後半部開荒/九界後全段重審_前段Reviewer.md,搬移,審查/大綱審查_20261004-08/九界後全段重審_前段Reviewer.md,審查紀錄不放故事區
大綱/Phase2_後半部開荒/九界後全段重審_晚段Reviewer.md,搬移,審查/大綱審查_20261004-08/九界後全段重審_晚段Reviewer.md,審查紀錄不放故事區
大綱/Phase2_後半部開荒/九界後全段重審_總裁決與重開順序.md,搬移,審查/大綱審查_20261004-08/九界後全段重審_總裁決與重開順序.md,審查紀錄不放故事區；仍是現行裁決，二十餘檔檔頭連到它，必須同批改連結
大綱/Phase2_後半部開荒/二十至二十七歲_七個大型故事候選.md,歸檔,歸檔/大綱舊稿/Phase2_九界後舊稿/二十至二十七歲_七個大型故事候選.md,未採種子庫凍結
大綱/Phase2_後半部開荒/二十至八十八歲_高潮密度審查與八個冒險缺口.md,歸檔,歸檔/大綱舊稿/Phase2_九界後舊稿/二十至八十八歲_高潮密度審查與八個冒險缺口.md,檔頭自標年齡軸作廢，僅歷史診斷
大綱/Phase2_後半部開荒/五個優勝火種_人生位置與大篇承載力.md,歸檔,歸檔/大綱舊稿/Phase2_九界後舊稿/五個優勝火種_人生位置與大篇承載力.md,舊選火，未按舊資格排期
大綱/Phase2_後半部開荒/作者構思脈絡與AI補法總審_20261008.md,搬移,審查/大綱審查_20261004-08/作者構思脈絡與AI補法總審_20261008.md,審查紀錄不放故事區
大綱/Phase2_後半部開荒/八身救生_八路故事與後續人生.md,搬移,大綱/05_上界中期/第15篇_九界金丹/八身救生_八路故事與後續人生.md,作者豁免：八身救生五檔只搬不改內容（含連結字串，見作者題3）
大綱/Phase2_後半部開荒/八身救生_完整工作弧與交叉節奏.md,搬移,大綱/05_上界中期/第15篇_九界金丹/八身救生_完整工作弧與交叉節奏.md,作者豁免：八身救生五檔只搬不改內容（含連結字串，見作者題3）
大綱/Phase2_後半部開荒/八身救生_百日聯排與傷後決定.md,搬移,大綱/05_上界中期/第15篇_九界金丹/八身救生_百日聯排與傷後決定.md,作者豁免：八身救生五檔只搬不改內容（含連結字串，見作者題3）
大綱/Phase2_後半部開荒/六處傳奇缺口_驤鳴至復修大弧.md,歸檔,歸檔/大綱舊稿/Phase2_九界後舊稿/六處傳奇缺口_驤鳴至復修大弧.md,檔頭：舊順序停用
大綱/Phase2_後半部開荒/創意點火與工程審查_兩階段流程.md,搬移,規則/創意點火與工程審查_兩階段流程.md,工作流程不放故事區
大綱/Phase2_後半部開荒/古路與烏蘅/README.md,搬移,大綱/00_全書骨架/跨篇長線/古路與烏蘅/README.md,跨第15、21、27篇的長線
大綱/Phase2_後半部開荒/古路與烏蘅/中閘七日連續大綱.md,搬移,大綱/00_全書骨架/跨篇長線/古路與烏蘅/中閘七日連續大綱.md,跨第15、21、27篇的長線
大綱/Phase2_後半部開荒/古路與烏蘅/古路機制與跨篇故事.md,搬移,大綱/00_全書骨架/跨篇長線/古路與烏蘅/古路機制與跨篇故事.md,跨第15、21、27篇的長線
大綱/Phase2_後半部開荒/古路與烏蘅/守晝與跨篇回收.md,搬移,大綱/00_全書骨架/跨篇長線/古路與烏蘅/守晝與跨篇回收.md,跨第15、21、27篇的長線
大綱/Phase2_後半部開荒/同代成局時代_五個不可省的人生故事.md,歸檔,歸檔/大綱舊稿/Phase2_九界後舊稿/同代成局時代_五個不可省的人生故事.md,主張撤下
大綱/Phase2_後半部開荒/大比利益與認知_審查.md,搬移,審查/大綱審查_20261004-08/大比利益與認知_審查.md,審查紀錄不放故事區
大綱/Phase2_後半部開荒/大比利益階梯.md,搬移,大綱/03_南荒與九界大比/第07篇_九界大比與返鄉/大比利益階梯.md,總覽列為唯一來源或全書級工具；依人生階段歸位
大綱/Phase2_後半部開荒/太素道宮/README.md,搬移,大綱/00_全書骨架/跨篇長線/太素道宮/README.md,跨第16、24篇的長線，歸全書骨架
大綱/Phase2_後半部開荒/太素道宮/二十八篇相容性.md,搬移,大綱/00_全書骨架/跨篇長線/太素道宮/二十八篇相容性.md,跨第16、24篇的長線，歸全書骨架
大綱/Phase2_後半部開荒/太素道宮/人物全卡.md,搬移,大綱/00_全書骨架/跨篇長線/太素道宮/人物全卡.md,跨第16、24篇的長線，歸全書骨架
大綱/Phase2_後半部開荒/太素道宮/仙術與戰鬥譜.md,搬移,大綱/00_全書骨架/跨篇長線/太素道宮/仙術與戰鬥譜.md,跨第16、24篇的長線，歸全書骨架
大綱/Phase2_後半部開荒/太素道宮/審查紀錄.md,搬移,大綱/00_全書骨架/跨篇長線/太素道宮/審查紀錄.md,跨第16、24篇的長線，歸全書骨架
大綱/Phase2_後半部開荒/太素道宮/設定接口與待決事項.md,搬移,大綱/00_全書骨架/跨篇長線/太素道宮/設定接口與待決事項.md,跨第16、24篇的長線，歸全書骨架
大綱/Phase2_後半部開荒/太素道宮/道統與故事大綱.md,搬移,大綱/00_全書骨架/跨篇長線/太素道宮/道統與故事大綱.md,跨第16、24篇的長線，歸全書骨架
大綱/Phase2_後半部開荒/專職閱讀欲望Reviewer_協作規約.md,搬移,規則/專職閱讀欲望Reviewer_協作規約.md,工作規約不放故事區
大綱/Phase2_後半部開荒/年表/README.md,合併,大綱/00_全書骨架/全書年表與門牆尺度.md,725B，單檔資料夾入口，併入年表檔頭
大綱/Phase2_後半部開荒/年表/全書年表與門牆尺度.md,搬移,大綱/00_全書骨架/全書年表與門牆尺度.md,D128 全書年表，屬全書骨架；根README等十餘處連結
大綱/Phase2_後半部開荒/情緒債與四次清算.md,歸檔,歸檔/大綱舊稿/Phase2_九界後舊稿/情緒債與四次清算.md,大比後清算全部重審；Writer Rule 已另立。根README仍連它，需改連
大綱/Phase2_後半部開荒/情緒債與清算_審查.md,搬移,審查/大綱審查_20261004-08/情緒債與清算_審查.md,審查紀錄不放故事區
大綱/Phase2_後半部開荒/故土越線清算與照塵曉路_高優先聯排.md,搬移,大綱/05_上界中期/段四_故土越線清算與照塵曉路.md,總覽列為唯一來源或全書級工具；依人生階段歸位
大綱/Phase2_後半部開荒/文_不能停的城與遺蛻.md,歸檔,歸檔/大綱舊稿/Phase2_九界後舊稿/文_不能停的城與遺蛻.md,D122紅項，後半撤下；素材
大綱/Phase2_後半部開荒/樣稿_第一次聖土墜落_縫雷.md,搬移,大綱/04_首入聖土與上界初期/第08篇_第一次聖土/試寫/樣稿_墜落縫雷.md,凍結前樣稿；歸主題資料夾並標『試寫／非正文』
大綱/Phase2_後半部開荒/王室臥底/README.md,搬移,大綱/06_第二次聖土與至尊/第20篇_王室臥底/README.md,第20篇主題資料夾
大綱/Phase2_後半部開荒/王室臥底/篇章大綱.md,拆分,大綱/06_第二次聖土與至尊/第20篇_王室臥底/,77KB；拆 背景與承渡會(一二)/段七_聽鐘/段八_屋頂與九霄/五人線與揭露鏈(四–六)
大綱/Phase2_後半部開荒/王室臥底/裁定與接口.md,搬移,大綱/06_第二次聖土與至尊/第20篇_王室臥底/裁定與接口.md,第20篇主題資料夾
大綱/Phase2_後半部開荒/生_退方之前與不肯死的道.md,歸檔,歸檔/大綱舊稿/Phase2_九界後舊稿/生_退方之前與不肯死的道.md,D122紅項，怪病候選、需重建；素材
大綱/Phase2_後半部開荒/界屑事故/README.md,合併,大綱/03_南荒與九界大比/第07篇_九界大比與返鄉/README.md,800B 入口，併入第7篇 README
大綱/Phase2_後半部開荒/界屑事故/界屑與寇平故事線.md,搬移,大綱/03_南荒與九界大比/第07篇_九界大比與返鄉/界屑與寇平故事線.md,界屑落點在第7篇
大綱/Phase2_後半部開荒/競稿_第二十一至二十八篇/盤點.md,搬移,工作區/競稿_第21至28篇/盤點.md,進行中競稿，屬工作區；完成後收進對應篇資料夾
大綱/Phase2_後半部開荒/第17至19篇_撤出版舊案與待安置.md,歸檔,歸檔/大綱舊稿/撤用/第17至19篇_撤出版舊案與待安置.md,總覽撤用列來源；同步改連結
大綱/Phase2_後半部開荒/第一次聖土/README.md,搬移,大綱/04_首入聖土與上界初期/第08篇_第一次聖土/README.md,第8篇主題資料夾，依人生階段歸位
大綱/Phase2_後半部開荒/第一次聖土/人物與同期事件.md,搬移,大綱/04_首入聖土與上界初期/第08篇_第一次聖土/人物與同期事件.md,第8篇主題資料夾，依人生階段歸位
大綱/Phase2_後半部開荒/第一次聖土/跨訪線索與效力.md,搬移,大綱/04_首入聖土與上界初期/第08篇_第一次聖土/跨訪線索與效力.md,第8篇主題資料夾，依人生階段歸位
大綱/Phase2_後半部開荒/第一次聖土/連續大綱.md,搬移,大綱/04_首入聖土與上界初期/第08篇_第一次聖土/連續大綱.md,第8篇主題資料夾，依人生階段歸位
大綱/Phase2_後半部開荒/第一次聖土/雙向伏筆與曉長線.md,搬移,大綱/04_首入聖土與上界初期/第08篇_第一次聖土/雙向伏筆與曉長線.md,第8篇主題資料夾，依人生階段歸位
大綱/Phase2_後半部開荒/第一次聖土_重傷被救與尋路五階段.md,搬移,大綱/04_首入聖土與上界初期/第08篇_第一次聖土/來源/第一次聖土_重傷被救與尋路五階段.md,已被連續大綱整合的來源稿，收進主題資料夾
大綱/Phase2_後半部開荒/第一次聖土_雙界伏筆與曉擴充提案.md,搬移,大綱/04_首入聖土與上界初期/第08篇_第一次聖土/來源/第一次聖土_雙界伏筆與曉擴充提案.md,已被連續大綱整合的來源稿，收進主題資料夾
大綱/Phase2_後半部開荒/聖土同齡雙驕與四人冒險隊.md,搬移,大綱/04_首入聖土與上界初期/第08篇_第一次聖土/來源/聖土同齡雙驕與四人冒險隊.md,已被連續大綱整合的來源稿，收進主題資料夾
大綱/Phase2_後半部開荒/聖土重排與遺跡伏殺_多宗獵殺起點.md,搬移,大綱/04_首入聖土與上界初期/段二_上界追仇_遺跡伏殺.md,總覽列為唯一來源或全書級工具；依人生階段歸位
大綱/Phase2_後半部開荒/聖土長住_港口遠行與二十年後.md,歸檔,歸檔/大綱舊稿/Phase2_九界後舊稿/聖土長住_港口遠行與二十年後.md,長居主體撤下，二十年後與新年表衝突
大綱/Phase2_後半部開荒/落潮一年_因果與邊界審查.md,搬移,審查/大綱審查_20261004-08/落潮一年_因果與邊界審查.md,審查紀錄不放故事區
大綱/Phase2_後半部開荒/落潮一年_離鄉生活與回程.md,歸檔,歸檔/大綱舊稿/Phase2_九界後舊稿/落潮一年_離鄉生活與回程.md,已被第一次聖土連續大綱取代
大綱/Phase2_後半部開荒/諸殿時代大脊椎_聖物案與曉路.md,搬移,大綱/05_上界中期/段四_諸殿聖物案與曉路.md,總覽列為唯一來源或全書級工具；依人生階段歸位
大綱/Phase2_後半部開荒/返鄉碎錦原與雙汐_至奸細罪.md,搬移,大綱/04_首入聖土與上界初期/第10-12篇_返鄉碎錦原雙汐.md,總覽列為唯一來源或全書級工具；依人生階段歸位
大綱/Phase2_後半部開荒/重要角色存在感與主角目的_兩弧專項審查.md,搬移,審查/大綱審查_20261004-08/重要角色存在感與主角目的_兩弧專項審查.md,審查紀錄不放故事區
大綱/Phase2_後半部開荒/錯潮藥汀_獨立大型故事弧.md,歸檔,歸檔/大綱舊稿/Phase2_九界後舊稿/錯潮藥汀_獨立大型故事弧.md,保採夢種子，主體撤下；素材
大綱/Phase2_後半部開荒/陸沉不在的那一年_五人分路與青璃.md,歸檔,歸檔/大綱舊稿/Phase2_九界後舊稿/陸沉不在的那一年_五人分路與青璃.md,保友情分路，人物承載待重建；素材
大綱/Phase2_後半部開荒/陽閘/README.md,搬移,大綱/05_上界中期/第17篇_陽閘/README.md,第17篇；README僅627B，可併入篇章大綱檔頭
大綱/Phase2_後半部開荒/陽閘/篇章大綱.md,搬移,大綱/05_上界中期/第17篇_陽閘/篇章大綱.md,第17篇；README僅627B，可併入篇章大綱檔頭
大綱/Phase2_後半部開荒/離鄉至奸細罪_群像Review.md,搬移,審查/大綱審查_20261004-08/離鄉至奸細罪_群像Review.md,審查紀錄不放故事區
大綱/Phase2_後半部開荒/零至八十八歲_讀者欲望與閱讀波形.md,歸檔,歸檔/大綱舊稿/Phase2_九界後舊稿/零至八十八歲_讀者欲望與閱讀波形.md,檔頭自標年齡軸作廢
大綱/人物線/主線人物行動與反制總圖.md,搬移,大綱/00_全書骨架/人物線/主線人物行動與反制總圖.md,跨篇人物／修行長線，歸全書骨架
大綱/人物線/主線反派與臥底埋線.md,搬移,大綱/00_全書骨架/人物線/主線反派與臥底埋線.md,跨篇人物／修行長線，歸全書骨架
大綱/人物線/主線敵手的人生與三道邊界.md,搬移,大綱/00_全書骨架/人物線/主線敵手的人生與三道邊界.md,跨篇人物／修行長線，歸全書骨架
大綱/人物線/九界大比前_逐段閉環紀錄.md,歸檔,歸檔/大綱工作紀錄/D106_九界大比前逐段閉環紀錄.md,D106 工作流水，結果已回填各卷綱
大綱/人物線/聞人錦線.md,搬移,大綱/00_全書骨架/人物線/聞人錦線.md,跨篇人物／修行長線，歸全書骨架
大綱/人物線/逐卷修行所得與消化總表.md,搬移,大綱/00_全書骨架/人物線/逐卷修行所得與消化總表.md,跨篇人物／修行長線，歸全書骨架
大綱/人物線/鎮岳峰露法帳.md,搬移,大綱/01_少年太玄/鎮岳峰露法帳.md,只服務卷二至卷五，歸少年太玄階段
大綱/全書凡人替換審查_D121.md,搬移,審查/大綱審查_20261004-08/全書凡人替換審查_D121.md,審查紀錄不放大綱區
大綱/全書大綱.md,拆分,大綱/00_全書骨架/全書大綱.md,保一句話、四條線、卷表與節奏；檔頭檔尾D121–D126變更紀錄移入待定與決策/決策紀錄
大綱/全書故事順序總覽.md,保留,大綱/全書故事順序總覽.md,全書唯一管理表，路徑不動，作大綱區頂層入口
大綱/前段六卷重排與卷號對照.md,搬移,大綱/00_全書骨架/卷號與篇號對照.md,現行卷號對照表；改名去掉『前段六卷重排』的事件名
大綱/卷一統一/Reviewer開篇審查.md,搬移,工作區/卷一統一/Reviewer開篇審查.md,進行中工作區（PM session）；本輪不動，卷一統一結案後整包移入，作者裁定併入卷01 README，餘歸檔
大綱/卷一統一/作者裁定與任務單.md,搬移,工作區/卷一統一/作者裁定與任務單.md,進行中工作區（PM session）；本輪不動，卷一統一結案後整包移入，作者裁定併入卷01 README，餘歸檔
大綱/卷一統一/前十七章重排大綱.md,搬移,工作區/卷一統一/前十七章重排大綱.md,進行中工作區（PM session）；本輪不動，卷一統一結案後整包移入，作者裁定併入卷01 README，餘歸檔
大綱/卷一統一/守閣段章綱.md,搬移,工作區/卷一統一/守閣段章綱.md,進行中工作區（PM session）；本輪不動，卷一統一結案後整包移入，作者裁定併入卷01 README，餘歸檔
大綱/卷一統一/盤點與差異報告.md,搬移,工作區/卷一統一/盤點與差異報告.md,進行中工作區（PM session）；本輪不動，卷一統一結案後整包移入，作者裁定併入卷01 README，餘歸檔
大綱/卷一統一/開篇重排提案.md,搬移,工作區/卷一統一/開篇重排提案.md,進行中工作區（PM session）；本輪不動，卷一統一結案後整包移入，作者裁定併入卷01 README，餘歸檔
大綱/卷篇大綱/九界金丹_封傷與八界取材.md,搬移,大綱/05_上界中期/第15篇_九界金丹/九界金丹_封傷與八界取材.md,作者豁免：八身救生五檔只搬不改內容（含連結字串，見作者題3）
大綱/卷篇大綱/南荒後_溫棠與四院選拔.md,搬移,大綱/03_南荒與九界大比/南荒後_溫棠與四院選拔.md,現行篇綱，歸南荒與九界大比階段
大綱/卷篇大綱/卷一_雷季以前.md,歸檔,歸檔/大綱舊稿/舊卷綱_v0.5/卷一_雷季以前.md,舊卷號底稿（檔頭自標原位／僅供追溯），與現行同號卷並存造成混淆；依總覽缺口13，待卷一統一審查通過、海眼有承接卷後再歸檔
大綱/卷篇大綱/卷七_九界金丹.md,搬移,大綱/05_上界中期/第15篇_九界金丹/舊卷十八_九界金丹.md,作者豁免：八身救生五檔只搬不改內容（含連結字串，見作者題3）；檔名卷七內文卷十八，搬移時可改檔名不改內容
大綱/卷篇大綱/卷七_東溟行.md,搬移,大綱/02_東溟中神州天域/卷07_東溟行.md,現行卷綱；檔名改兩位數卷號＋現行卷名
大綱/卷篇大綱/卷三_溫棠的路.md,歸檔,歸檔/大綱舊稿/舊卷綱_v0.5/卷三_溫棠的路.md,舊卷號底稿（檔頭自標原位／僅供追溯），與現行同號卷並存造成混淆
大綱/卷篇大綱/卷三_鎮岳老七.md,搬移,大綱/01_少年太玄/卷03_鎮岳老七.md,現行卷綱；檔名改兩位數卷號＋現行卷名
大綱/卷篇大綱/卷九_東溟天城.md,搬移,大綱/02_東溟中神州天域/卷09_東溟天城.md,現行卷綱；檔名改兩位數卷號＋現行卷名
大綱/卷篇大綱/卷九_見劫.md,歸檔,歸檔/大綱舊稿/舊卷綱_v0.5/卷九_見劫.md,舊卷號底稿（檔頭自標原位／僅供追溯），與現行同號卷並存造成混淆
大綱/卷篇大綱/卷二_五域與書院.md,歸檔,歸檔/大綱舊稿/舊卷綱_v0.5/卷二_五域與書院.md,舊卷號底稿（檔頭自標原位／僅供追溯），與現行同號卷並存造成混淆
大綱/卷篇大綱/卷二_山門之上.md,搬移,大綱/01_少年太玄/卷02_山門之上.md,現行卷綱；檔名改兩位數卷號＋現行卷名
大綱/卷篇大綱/卷五_七峰爭鳴.md,搬移,大綱/01_少年太玄/卷05_七峰爭鳴.md,現行卷綱；檔名改兩位數卷號＋現行卷名
大綱/卷篇大綱/卷五_九弱.md,歸檔,歸檔/大綱舊稿/舊卷綱_v0.5/卷五_九弱.md,舊卷號底稿（檔頭自標原位／僅供追溯），與現行同號卷並存造成混淆
大綱/卷篇大綱/卷八_同代與決裂.md,歸檔,歸檔/大綱舊稿/舊卷綱_v0.5/卷八_同代與決裂.md,舊卷號底稿（檔頭自標原位／僅供追溯），與現行同號卷並存造成混淆
大綱/卷篇大綱/卷八_百宗盟試.md,搬移,大綱/02_東溟中神州天域/卷08_百宗盟試.md,現行卷綱；檔名改兩位數卷號＋現行卷名
大綱/卷篇大綱/卷六_萬體無我.md,搬移,大綱/01_少年太玄/卷06_萬體無我.md,現行卷綱；檔名改兩位數卷號＋現行卷名
大綱/卷篇大綱/卷六_雙汐與渡劫淵.md,歸檔,歸檔/大綱舊稿/舊卷綱_v0.5/卷六_雙汐與渡劫淵.md,舊卷號底稿（檔頭自標原位／僅供追溯），與現行同號卷並存造成混淆
大綱/卷篇大綱/卷十_聖土長住.md,歸檔,歸檔/大綱舊稿/舊卷綱_v0.5/卷十_聖土長住.md,舊卷號底稿（檔頭自標原位／僅供追溯），與現行同號卷並存造成混淆
大綱/卷篇大綱/卷十一_登頂與墜落.md,歸檔,歸檔/大綱舊稿/舊卷綱_v0.5/卷十一_登頂與墜落.md,舊卷號底稿（檔頭自標原位／僅供追溯），與現行同號卷並存造成混淆
大綱/卷篇大綱/卷十一_神州東境.md,搬移,大綱/02_東溟中神州天域/卷11_神州東境.md,現行卷綱；檔名改兩位數卷號＋現行卷名
大綱/卷篇大綱/卷十七_天域行.md,搬移,大綱/02_東溟中神州天域/卷17_天域行.md,現行卷綱；檔名改兩位數卷號＋現行卷名
大綱/卷篇大綱/卷十三_五域大比.md,搬移,大綱/02_東溟中神州天域/卷13_五域大比.md,現行卷綱；檔名改兩位數卷號＋現行卷名
大綱/卷篇大綱/卷十九_歸山.md,搬移,大綱/02_東溟中神州天域/卷19_歸山.md,現行卷綱；檔名改兩位數卷號＋現行卷名
大綱/卷篇大綱/卷十二_五域前夜.md,搬移,大綱/02_東溟中神州天域/卷12_五域前夜.md,現行卷綱；檔名改兩位數卷號＋現行卷名
大綱/卷篇大綱/卷十二_從底部重爬.md,歸檔,歸檔/大綱舊稿/舊卷綱_v0.5/卷十二_從底部重爬.md,舊卷號底稿（檔頭自標原位／僅供追溯），與現行同號卷並存造成混淆
大綱/卷篇大綱/卷十五_入院.md,搬移,大綱/02_東溟中神州天域/卷15_入院.md,現行卷綱；檔名改兩位數卷號＋現行卷名
大綱/卷篇大綱/卷十八_越界.md,搬移,大綱/02_東溟中神州天域/卷18_越界.md,現行卷綱；檔名改兩位數卷號＋現行卷名
大綱/卷篇大綱/卷十六_登天塔.md,搬移,大綱/02_東溟中神州天域/卷16_登天塔.md,現行卷綱；檔名改兩位數卷號＋現行卷名
大綱/卷篇大綱/卷十四_震魂.md,搬移,大綱/02_東溟中神州天域/卷14_地獄行.md,現行卷十四《地獄行》，檔名與卷名不一致
大綱/卷篇大綱/卷四_兩儀雷淵.md,搬移,大綱/01_少年太玄/卷04_兩儀雷淵.md,現行卷綱；檔名改兩位數卷號＋現行卷名
大綱/卷篇大綱/卷四_落潮一年.md,歸檔,歸檔/大綱舊稿/舊卷綱_v0.5/卷四_落潮一年.md,舊卷號底稿（檔頭自標原位／僅供追溯），與現行同號卷並存造成混淆
大綱/卷篇大綱/新卷一_留舟島.md,拆分,大綱/01_少年太玄/卷01_浮石之下/,122KB 單檔；拆 README(效力＋定案表＋未決)/逐章_第1-17章/逐章_第18-53章/逐章_第54-78章/人物節拍與台帳；附錄甲丙丁歸檔。卷一統一結束前不動
大綱/卷篇大綱/新卷七_中神州禁制大篇.md,歸檔,歸檔/大綱舊稿/舊卷綱_v0.5/新卷七_中神州禁制大篇.md,舊卷號底稿（檔頭自標原位／僅供追溯），與現行同號卷並存造成混淆
大綱/卷篇大綱/新卷二_太玄宗.md,歸檔,歸檔/大綱舊稿/舊卷綱_v0.5/新卷二_太玄宗.md,舊卷號底稿（檔頭自標原位／僅供追溯），與現行同號卷並存造成混淆；原位已拆入卷二至五，卷綱承接表需改指歸檔路徑
大綱/卷篇大綱/新卷五_往中神州.md,搬移,大綱/02_東溟中神州天域/卷10_往中神州.md,現行卷十；檔名『新卷五』與內文舊卷八標題是三套卷號殘留，改名並清檔頭
大綱/卷篇大綱/新卷六_初到中神州.md,歸檔,歸檔/大綱舊稿/舊卷綱_v0.5/新卷六_初到中神州.md,舊卷號底稿（檔頭自標原位／僅供追溯），與現行同號卷並存造成混淆
大綱/卷篇大綱/無間航道_第五雷與回歸.md,搬移,大綱/03_南荒與九界大比/無間航道_第五雷與回歸.md,現行篇綱
大綱/地區規劃/南荒四幕_人物行動場面.md,搬移,大綱/03_南荒與九界大比/南荒四幕_人物行動場面.md,總覽第20–23列唯一來源；不屬『地區規劃』
大綱/地區規劃/南荒域級異變.md,搬移,大綱/03_南荒與九界大比/南荒域級異變.md,南荒上層因果，與四幕同處（總覽衝突7待核層級）
大綱/地區規劃/東溟_一_留舟島.md,歸檔,歸檔/大綱工作紀錄/地區規劃/東溟_一_留舟島.md,PM 規劃／簡報，已展成卷綱
大綱/地區規劃/東溟_三_太玄宗擴寫簡報.md,歸檔,歸檔/大綱工作紀錄/地區規劃/東溟_三_太玄宗擴寫簡報.md,PM 規劃／簡報，已展成卷綱
大綱/地區規劃/東溟_二_太玄宗.md,歸檔,歸檔/大綱工作紀錄/地區規劃/東溟_二_太玄宗.md,PM 規劃／簡報，已展成卷綱
大綱/地區規劃/盤點_舊版太玄宗_丙_設計稿與劫瘋.md,歸檔,歸檔/大綱工作紀錄/盤點/盤點_舊版太玄宗_丙_設計稿與劫瘋.md,研究員盤點，素材查找用
大綱/地區規劃/盤點_舊版太玄宗_乙_七峰大比.md,歸檔,歸檔/大綱工作紀錄/盤點/盤點_舊版太玄宗_乙_七峰大比.md,研究員盤點，素材查找用
大綱/地區規劃/盤點_舊版太玄宗_甲_入門篇.md,歸檔,歸檔/大綱工作紀錄/盤點/盤點_舊版太玄宗_甲_入門篇.md,研究員盤點，素材查找用
大綱/地區規劃/盤點_長亭天.md,歸檔,歸檔/大綱工作紀錄/盤點/盤點_長亭天.md,研究員盤點，素材查找用
大綱/地區規劃/舊版脈絡移植提案.md,歸檔,歸檔/大綱工作紀錄/地區規劃/舊版脈絡移植提案.md,PM 規劃／簡報，已展成卷綱
大綱/地區規劃/討論/太玄宗_R1_人物與情感.md,歸檔,歸檔/大綱討論/太玄宗_R1_人物與情感.md,R1/R2 寫手討論會紀錄，已合成卷綱與聞人錦線
大綱/地區規劃/討論/太玄宗_R1_修行與成長.md,歸檔,歸檔/大綱討論/太玄宗_R1_修行與成長.md,R1/R2 寫手討論會紀錄，已合成卷綱與聞人錦線
大綱/地區規劃/討論/太玄宗_R1_宗門生活.md,歸檔,歸檔/大綱討論/太玄宗_R1_宗門生活.md,R1/R2 寫手討論會紀錄，已合成卷綱與聞人錦線
大綱/地區規劃/討論/太玄宗_R1_少年群像與犯蠢.md,歸檔,歸檔/大綱討論/太玄宗_R1_少年群像與犯蠢.md,R1/R2 寫手討論會紀錄，已合成卷綱與聞人錦線
大綱/地區規劃/討論/太玄宗_R1_節奏與鐘.md,歸檔,歸檔/大綱討論/太玄宗_R1_節奏與鐘.md,R1/R2 寫手討論會紀錄，已合成卷綱與聞人錦線
大綱/地區規劃/討論/太玄宗_R2_討論.md,歸檔,歸檔/大綱討論/太玄宗_R2_討論.md,R1/R2 寫手討論會紀錄，已合成卷綱與聞人錦線
大綱/地區規劃/討論/太玄宗擴寫_R1_世界與生活.md,歸檔,歸檔/大綱討論/太玄宗擴寫_R1_世界與生活.md,R1/R2 寫手討論會紀錄，已合成卷綱與聞人錦線
大綱/地區規劃/討論/太玄宗擴寫_R1_人物與情感.md,歸檔,歸檔/大綱討論/太玄宗擴寫_R1_人物與情感.md,R1/R2 寫手討論會紀錄，已合成卷綱與聞人錦線
大綱/地區規劃/討論/太玄宗擴寫_R1_伏筆與長線.md,歸檔,歸檔/大綱討論/太玄宗擴寫_R1_伏筆與長線.md,R1/R2 寫手討論會紀錄，已合成卷綱與聞人錦線
大綱/地區規劃/討論/太玄宗擴寫_R1_少年冒險與群像.md,歸檔,歸檔/大綱討論/太玄宗擴寫_R1_少年冒險與群像.md,R1/R2 寫手討論會紀錄，已合成卷綱與聞人錦線
大綱/地區規劃/討論/太玄宗擴寫_R1_節奏與結構.md,歸檔,歸檔/大綱討論/太玄宗擴寫_R1_節奏與結構.md,R1/R2 寫手討論會紀錄，已合成卷綱與聞人錦線
大綱/地區規劃/討論/太玄宗擴寫_R2_人物與情感.md,歸檔,歸檔/大綱討論/太玄宗擴寫_R2_人物與情感.md,R1/R2 寫手討論會紀錄，已合成卷綱與聞人錦線
大綱/地區規劃/討論/太玄宗擴寫_R2_少年冒險與群像.md,歸檔,歸檔/大綱討論/太玄宗擴寫_R2_少年冒險與群像.md,R1/R2 寫手討論會紀錄，已合成卷綱與聞人錦線
大綱/地區規劃/討論/太玄宗擴寫_R2_節奏與結構.md,歸檔,歸檔/大綱討論/太玄宗擴寫_R2_節奏與結構.md,R1/R2 寫手討論會紀錄，已合成卷綱與聞人錦線
大綱/地區規劃/討論/留舟島_R1_世界與生活.md,歸檔,歸檔/大綱討論/留舟島_R1_世界與生活.md,R1/R2 寫手討論會紀錄，已合成卷綱與聞人錦線
大綱/地區規劃/討論/留舟島_R1_人物與情感.md,歸檔,歸檔/大綱討論/留舟島_R1_人物與情感.md,R1/R2 寫手討論會紀錄，已合成卷綱與聞人錦線
大綱/地區規劃/討論/留舟島_R1_伏筆與長線.md,歸檔,歸檔/大綱討論/留舟島_R1_伏筆與長線.md,R1/R2 寫手討論會紀錄，已合成卷綱與聞人錦線
大綱/地區規劃/討論/留舟島_R1_少年冒險與群像.md,歸檔,歸檔/大綱討論/留舟島_R1_少年冒險與群像.md,R1/R2 寫手討論會紀錄，已合成卷綱與聞人錦線
大綱/地區規劃/討論/留舟島_R1_節奏與留存.md,歸檔,歸檔/大綱討論/留舟島_R1_節奏與留存.md,R1/R2 寫手討論會紀錄，已合成卷綱與聞人錦線
大綱/地區規劃/討論/留舟島_R2_世界與生活.md,歸檔,歸檔/大綱討論/留舟島_R2_世界與生活.md,R1/R2 寫手討論會紀錄，已合成卷綱與聞人錦線
大綱/地區規劃/討論/留舟島_R2_人物與情感.md,歸檔,歸檔/大綱討論/留舟島_R2_人物與情感.md,R1/R2 寫手討論會紀錄，已合成卷綱與聞人錦線
大綱/地區規劃/討論/留舟島_R2_伏筆與長線.md,歸檔,歸檔/大綱討論/留舟島_R2_伏筆與長線.md,R1/R2 寫手討論會紀錄，已合成卷綱與聞人錦線
大綱/地區規劃/討論/留舟島_R2_少年冒險與群像.md,歸檔,歸檔/大綱討論/留舟島_R2_少年冒險與群像.md,R1/R2 寫手討論會紀錄，已合成卷綱與聞人錦線
大綱/地區規劃/討論/留舟島_R2_節奏與留存.md,歸檔,歸檔/大綱討論/留舟島_R2_節奏與留存.md,R1/R2 寫手討論會紀錄，已合成卷綱與聞人錦線
大綱/地區規劃/討論/聞人錦_R1_她自己的故事.md,歸檔,歸檔/大綱討論/聞人錦_R1_她自己的故事.md,R1/R2 寫手討論會紀錄，已合成卷綱與聞人錦線
大綱/地區規劃/討論/聞人錦_R1_賭局與拍賣.md,歸檔,歸檔/大綱討論/聞人錦_R1_賭局與拍賣.md,R1/R2 寫手討論會紀錄，已合成卷綱與聞人錦線
大綱/地區規劃/討論/聞人錦_R1_關係與交手.md,歸檔,歸檔/大綱討論/聞人錦_R1_關係與交手.md,R1/R2 寫手討論會紀錄，已合成卷綱與聞人錦線
大綱/地區路線圖.md,搬移,大綱/00_全書骨架/地區路線圖.md,全書級路線索引
大綱/文奕與劫_羅蘋與福爾摩斯.md,搬移,大綱/00_全書骨架/人物線/文奕與劫_羅蘋與福爾摩斯.md,跨篇人物長線
大綱/橫向擴寫地圖_卷一至四.md,歸檔,歸檔/大綱舊稿/舊卷綱_v0.5/橫向擴寫地圖_卷一至四.md,檔頭自標原位／歷史素材，舊卷號
大綱/橫向擴寫地圖_卷五至十二.md,歸檔,歸檔/大綱舊稿/舊卷綱_v0.5/橫向擴寫地圖_卷五至十二.md,檔頭自標原位／歷史素材，舊卷號
審查/設定精簡_20261008/全設定處置表.csv,保留,審查/設定精簡_20261008/全設定處置表.csv,審查紀錄維持原位
審查/設定精簡_20261008/審查與處置.md,保留,審查/設定精簡_20261008/審查與處置.md,審查紀錄維持原位
審查/設定精簡_20261008/引用驗證.json,保留,審查/設定精簡_20261008/引用驗證.json,審查紀錄維持原位
審查/設定精簡_20261008/本輪變更路徑.json,保留,審查/設定精簡_20261008/本輪變更路徑.json,審查紀錄維持原位
審查/設定精簡_20261008/清理前盤點.json,保留,審查/設定精簡_20261008/清理前盤點.json,審查紀錄維持原位
審查/設定結構_20261009/搬移對照.json,保留,審查/設定結構_20261009/搬移對照.json,審查紀錄維持原位
審查/設定結構_20261009/架構審查.md,保留,審查/設定結構_20261009/架構審查.md,審查紀錄維持原位
審查/設定結構_20261009/驗證紀錄.json,保留,審查/設定結構_20261009/驗證紀錄.json,審查紀錄維持原位
故事母稿.md,搬移,設定/00_故事定位/母稿/故事母稿.md,作者層試稿，不應在根目錄；屬敘事意圖附件
歸檔/原始討論/JIE_DALUO_RETURN_SOURCE_20260928.md,保留,歸檔/原始討論/JIE_DALUO_RETURN_SOURCE_20260928.md,歸檔區維持原位，只補README索引
歸檔/原始討論/JIE_FENG_HAN_XIANXIA_MARTIAL_SYSTEM_SOURCE_20261003.md,保留,歸檔/原始討論/JIE_FENG_HAN_XIANXIA_MARTIAL_SYSTEM_SOURCE_20261003.md,歸檔區維持原位，只補README索引
歸檔/原始討論/JIE_LU_CHEN_FINAL_MARTIAL_SYSTEM_TIANQIAN_20261003.md,保留,歸檔/原始討論/JIE_LU_CHEN_FINAL_MARTIAL_SYSTEM_TIANQIAN_20261003.md,歸檔區維持原位，只補README索引
歸檔/原始討論/JIE_NINE_REALMS_ANCIENT_WAR_SOURCE_20260928.md,保留,歸檔/原始討論/JIE_NINE_REALMS_ANCIENT_WAR_SOURCE_20260928.md,歸檔區維持原位，只補README索引
歸檔/原始討論/JIE_THREE_PATHS_SOURCE.md,保留,歸檔/原始討論/JIE_THREE_PATHS_SOURCE.md,歸檔區維持原位，只補README索引
歸檔/原始討論/JIE_WEN_YI_XIANXIA_MARTIAL_SYSTEM_SOURCE_20261003.md,保留,歸檔/原始討論/JIE_WEN_YI_XIANXIA_MARTIAL_SYSTEM_SOURCE_20261003.md,歸檔區維持原位，只補README索引
歸檔/原始討論/JIE_YUN_XING_XIANXIA_MARTIAL_SYSTEM_SOURCE_20261003.md,保留,歸檔/原始討論/JIE_YUN_XING_XIANXIA_MARTIAL_SYSTEM_SOURCE_20261003.md,歸檔區維持原位，只補README索引
歸檔/名稱對照.md,保留,歸檔/名稱對照.md,歸檔區維持原位，只補README索引
歸檔/撤回設定/九雷與童年更新前/README.md,保留,歸檔/撤回設定/九雷與童年更新前/README.md,歸檔區維持原位，只補README索引
歸檔/撤回設定/九雷與童年更新前/厄與四伴星.md,保留,歸檔/撤回設定/九雷與童年更新前/厄與四伴星.md,歸檔區維持原位，只補README索引
歸檔/撤回設定/九雷與童年更新前/指骨.md,保留,歸檔/撤回設定/九雷與童年更新前/指骨.md,歸檔區維持原位，只補README索引
歸檔/撤回設定/境界清理前/01_世界格局/機構與跨界交通.md,保留,歸檔/撤回設定/境界清理前/01_世界格局/機構與跨界交通.md,歸檔區維持原位，只補README索引
歸檔/撤回設定/境界清理前/03_人物設定/古代人物/九強參與者.md,保留,歸檔/撤回設定/境界清理前/03_人物設定/古代人物/九強參與者.md,歸檔區維持原位，只補README索引
歸檔/撤回設定/境界清理前/03_人物設定/古代人物/烏蘅_異域公主.md,保留,歸檔/撤回設定/境界清理前/03_人物設定/古代人物/烏蘅_異域公主.md,歸檔區維持原位，只補README索引
歸檔/撤回設定/境界清理前/03_人物設定/古代人物/祁承朔_心機皇子.md,保留,歸檔/撤回設定/境界清理前/03_人物設定/古代人物/祁承朔_心機皇子.md,歸檔區維持原位，只補README索引
歸檔/撤回設定/境界清理前/03_人物設定/本輪人物與修行定名.md,保留,歸檔/撤回設定/境界清理前/03_人物設定/本輪人物與修行定名.md,歸檔區維持原位，只補README索引
歸檔/撤回設定/境界清理前/03_人物設定/當代人物/商應璋_九強聖子.md,保留,歸檔/撤回設定/境界清理前/03_人物設定/當代人物/商應璋_九強聖子.md,歸檔區維持原位，只補README索引
歸檔/撤回設定/境界清理前/03_人物設定/當代人物/岑越_九弱聖子.md,保留,歸檔/撤回設定/境界清理前/03_人物設定/當代人物/岑越_九弱聖子.md,歸檔區維持原位，只補README索引
歸檔/撤回設定/境界清理前/03_人物設定/當代人物/溫棠_調查女子.md,保留,歸檔/撤回設定/境界清理前/03_人物設定/當代人物/溫棠_調查女子.md,歸檔區維持原位，只補README索引
歸檔/撤回設定/境界清理前/03_人物設定/當代人物/裴照川_英雄前輩.md,保留,歸檔/撤回設定/境界清理前/03_人物設定/當代人物/裴照川_英雄前輩.md,歸檔區維持原位，只補README索引
歸檔/撤回設定/境界清理前/03_人物設定/當代人物/許成蹊_溫棠同門師弟.md,保留,歸檔/撤回設定/境界清理前/03_人物設定/當代人物/許成蹊_溫棠同門師弟.md,歸檔區維持原位，只補README索引
歸檔/撤回設定/境界清理前/04_修行與特殊事物/修行與世界規則.md,保留,歸檔/撤回設定/境界清理前/04_修行與特殊事物/修行與世界規則.md,歸檔區維持原位，只補README索引
歸檔/撤回設定/境界清理前/04_修行與特殊事物/功法與招式/配角招式總錄.md,保留,歸檔/撤回設定/境界清理前/04_修行與特殊事物/功法與招式/配角招式總錄.md,歸檔區維持原位，只補README索引
歸檔/撤回設定/境界清理前/04_修行與特殊事物/境界/人物境界對照.md,保留,歸檔/撤回設定/境界清理前/04_修行與特殊事物/境界/人物境界對照.md,歸檔區維持原位，只補README索引
歸檔/撤回設定/境界清理前/04_修行與特殊事物/境界/境界與能力尺度.md,保留,歸檔/撤回設定/境界清理前/04_修行與特殊事物/境界/境界與能力尺度.md,歸檔區維持原位，只補README索引
歸檔/撤回設定/境界清理前/04_修行與特殊事物/寶物/品階與使用規則.md,保留,歸檔/撤回設定/境界清理前/04_修行與特殊事物/寶物/品階與使用規則.md,歸檔區維持原位，只補README索引
歸檔/撤回設定/境界清理前/04_修行與特殊事物/寶物/寶物總錄.md,保留,歸檔/撤回設定/境界清理前/04_修行與特殊事物/寶物/寶物總錄.md,歸檔區維持原位，只補README索引
歸檔/撤回設定/境界清理前/06_待定與決策紀錄/本輪定名核對.md,保留,歸檔/撤回設定/境界清理前/06_待定與決策紀錄/本輪定名核對.md,歸檔區維持原位，只補README索引
歸檔/撤回設定/聖土約名職版/諸神聖土.md,保留,歸檔/撤回設定/聖土約名職版/諸神聖土.md,歸檔區維持原位，只補README索引
歸檔/沿用原文/九雷與早期師友/README.md,保留,歸檔/沿用原文/九雷與早期師友/README.md,歸檔區維持原位，只補README索引
歸檔/沿用原文/九雷與早期師友/十雷_舊設定.md,保留,歸檔/沿用原文/九雷與早期師友/十雷_舊設定.md,歸檔區維持原位，只補README索引
歸檔/沿用原文/九雷與早期師友/封寒_舊人物全集.md,保留,歸檔/沿用原文/九雷與早期師友/封寒_舊人物全集.md,歸檔區維持原位，只補README索引
歸檔/沿用原文/九雷與早期師友/閣老_舊人物全集.md,保留,歸檔/沿用原文/九雷與早期師友/閣老_舊人物全集.md,歸檔區維持原位，只補README索引
歸檔/沿用原文/九雷與早期師友/雷身戰力與合體_舊設定.md,保留,歸檔/沿用原文/九雷與早期師友/雷身戰力與合體_舊設定.md,歸檔區維持原位，只補README索引
歸檔/沿用原文/鎮岳峰人物/README.md,保留,歸檔/沿用原文/鎮岳峰人物/README.md,歸檔區維持原位，只補README索引
歸檔/沿用原文/鎮岳峰人物/岳沉淵_舊人物全集.md,保留,歸檔/沿用原文/鎮岳峰人物/岳沉淵_舊人物全集.md,歸檔區維持原位，只補README索引
歸檔/沿用原文/鎮岳峰人物/柳青藤_舊人物全集.md,保留,歸檔/沿用原文/鎮岳峰人物/柳青藤_舊人物全集.md,歸檔區維持原位，只補README索引
歸檔/沿用原文/鎮岳峰人物/沈山河_舊人物全集.md,保留,歸檔/沿用原文/鎮岳峰人物/沈山河_舊人物全集.md,歸檔區維持原位，只補README索引
歸檔/沿用原文/鎮岳峰人物/秦照雪_舊人物全集.md,保留,歸檔/沿用原文/鎮岳峰人物/秦照雪_舊人物全集.md,歸檔區維持原位，只補README索引
歸檔/沿用原文/鎮岳峰人物/陸行烈_舊人物全集.md,保留,歸檔/沿用原文/鎮岳峰人物/陸行烈_舊人物全集.md,歸檔區維持原位，只補README索引
歸檔/沿用原文/鎮岳峰人物/韓鐵衣_舊人物全集.md,保留,歸檔/沿用原文/鎮岳峰人物/韓鐵衣_舊人物全集.md,歸檔區維持原位，只補README索引
歸檔/沿用原文/鎮岳峰人物/顧小滿_舊人物全集.md,保留,歸檔/沿用原文/鎮岳峰人物/顧小滿_舊人物全集.md,歸檔區維持原位，只補README索引
歸檔/沿用原文/雷身與煉丹/013_開爐先看天_舊正文.md,保留,歸檔/沿用原文/雷身與煉丹/013_開爐先看天_舊正文.md,歸檔區維持原位，只補README索引
歸檔/沿用原文/雷身與煉丹/014_同爐兩路_舊正文.md,保留,歸檔/沿用原文/雷身與煉丹/014_同爐兩路_舊正文.md,歸檔區維持原位，只補README索引
歸檔/沿用原文/雷身與煉丹/README.md,保留,歸檔/沿用原文/雷身與煉丹/README.md,歸檔區維持原位，只補README索引
歸檔/沿用原文/雷身與煉丹/洛生衣_舊人物全集.md,保留,歸檔/沿用原文/雷身與煉丹/洛生衣_舊人物全集.md,歸檔區維持原位，只補README索引
歸檔/沿用原文/雷身與煉丹/無相離身卷_舊設定.md,保留,歸檔/沿用原文/雷身與煉丹/無相離身卷_舊設定.md,歸檔區維持原位，只補README索引
歸檔/沿用原文/雷身與煉丹/雷煉丹與煉丹閣制度_舊設定.md,保留,歸檔/沿用原文/雷身與煉丹/雷煉丹與煉丹閣制度_舊設定.md,歸檔區維持原位，只補README索引
歸檔/沿用原文/雷身與煉丹/雷身分工_舊設定.md,保留,歸檔/沿用原文/雷身與煉丹/雷身分工_舊設定.md,歸檔區維持原位，只補README索引
歸檔/討論來源/20261004_新想法/001_JIE_VOL3_VOL4_SOURCE.md,保留,歸檔/討論來源/20261004_新想法/001_JIE_VOL3_VOL4_SOURCE.md,歸檔區維持原位，只補README索引
歸檔/討論來源/20261004_新想法/002_JIE_THUNDER_RETCON_2026-10-04.md,保留,歸檔/討論來源/20261004_新想法/002_JIE_THUNDER_RETCON_2026-10-04.md,歸檔區維持原位，只補README索引
歸檔/討論來源/20261004_新想法/003_JIE_VOL6_TO_VOL9_RESTRUCTURE_SOURCE.md,保留,歸檔/討論來源/20261004_新想法/003_JIE_VOL6_TO_VOL9_RESTRUCTURE_SOURCE.md,歸檔區維持原位，只補README索引
歸檔/討論來源/20261004_新想法/004_JIE_CENTRAL_SHENZHOU_RESTRUCTURE.md,保留,歸檔/討論來源/20261004_新想法/004_JIE_CENTRAL_SHENZHOU_RESTRUCTURE.md,歸檔區維持原位，只補README索引
歸檔/討論來源/20261004_新想法/005_JIE_FIVE_DOMAINS_EVE_GONGTIAN_SOURCE.md,保留,歸檔/討論來源/20261004_新想法/005_JIE_FIVE_DOMAINS_EVE_GONGTIAN_SOURCE.md,歸檔區維持原位，只補README索引
歸檔/討論來源/20261004_新想法/006_JIE_HELL_JOURNEY_THIRD_THUNDER_SOURCE.md,保留,歸檔/討論來源/20261004_新想法/006_JIE_HELL_JOURNEY_THIRD_THUNDER_SOURCE.md,歸檔區維持原位，只補README索引
歸檔/討論來源/20261004_新想法/007_JIE_SOUTHERN_WILDS_CRISIS_SOURCE.md,保留,歸檔/討論來源/20261004_新想法/007_JIE_SOUTHERN_WILDS_CRISIS_SOURCE.md,歸檔區維持原位，只補README索引
歸檔/討論來源/20261004_新想法/008_JIE_FOUR_ACADEMIES_REDESIGN_SOURCE.md,保留,歸檔/討論來源/20261004_新想法/008_JIE_FOUR_ACADEMIES_REDESIGN_SOURCE.md,歸檔區維持原位，只補README索引
歸檔/討論來源/20261004_新想法/009_JIE_MAIN_PLOT_ANTAGONIST_SEEDING_SOURCE.md,保留,歸檔/討論來源/20261004_新想法/009_JIE_MAIN_PLOT_ANTAGONIST_SEEDING_SOURCE.md,歸檔區維持原位，只補README索引
歸檔/討論來源/20261004_新想法/010_JIE_TIAN_DOMAIN_FIVE_VOLUMES_SOURCE.md,保留,歸檔/討論來源/20261004_新想法/010_JIE_TIAN_DOMAIN_FIVE_VOLUMES_SOURCE.md,歸檔區維持原位，只補README索引
歸檔/討論來源/20261004_新想法/011_JIE_SOUTHERN_WILDS_FOUR_ARCS_SOURCE.md,保留,歸檔/討論來源/20261004_新想法/011_JIE_SOUTHERN_WILDS_FOUR_ARCS_SOURCE.md,歸檔區維持原位，只補README索引
歸檔/討論來源/20261004_新想法/012_JIE_FIFTH_THUNDER_WUJIAN_COMPLETE_SOURCE.md,保留,歸檔/討論來源/20261004_新想法/012_JIE_FIFTH_THUNDER_WUJIAN_COMPLETE_SOURCE.md,歸檔區維持原位，只補README索引
歸檔/討論來源/20261004_新想法/README.md,保留,歸檔/討論來源/20261004_新想法/README.md,歸檔區維持原位，只補README索引
歸檔/討論來源/20261005_下無極兩候選/JIE_LOWER_WUJI_TWO_9_5_ARCS_SOURCE.md,保留,歸檔/討論來源/20261005_下無極兩候選/JIE_LOWER_WUJI_TWO_9_5_ARCS_SOURCE.md,歸檔區維持原位，只補README索引
歸檔/討論來源/20261005_下無極兩候選/README.md,保留,歸檔/討論來源/20261005_下無極兩候選/README.md,歸檔區維持原位，只補README索引
歸檔/設定修訂/001_前段六卷對照原位.md,保留,歸檔/設定修訂/001_前段六卷對照原位.md,歸檔區維持原位，只補README索引
歸檔/設定修訂/008_九院舊勢力表.md,保留,歸檔/設定修訂/008_九院舊勢力表.md,歸檔區維持原位，只補README索引
歸檔/設定修訂/012_太虛神雷_修訂前.md,保留,歸檔/設定修訂/012_太虛神雷_修訂前.md,歸檔區維持原位，只補README索引
歸檔/設定修訂/012_武學譜修訂前.md,保留,歸檔/設定修訂/012_武學譜修訂前.md,歸檔區維持原位，只補README索引
歸檔/設定修訂/012_流光金雷_修訂前.md,保留,歸檔/設定修訂/012_流光金雷_修訂前.md,歸檔區維持原位，只補README索引
歸檔/設定歷史/20261008/01_世界格局/聖土/落潮一年事件骨架.md,保留,歸檔/設定歷史/20261008/01_世界格局/聖土/落潮一年事件骨架.md,歸檔區維持原位，只補README索引
歸檔/設定歷史/20261008/05_故事主線與揭露/主線路線總稿_小說審查.md,保留,歸檔/設定歷史/20261008/05_故事主線與揭露/主線路線總稿_小說審查.md,歸檔區維持原位，只補README索引
歸檔/設定歷史/20261008/05_故事主線與揭露/旅行結構發想.md,保留,歸檔/設定歷史/20261008/05_故事主線與揭露/旅行結構發想.md,歸檔區維持原位，只補README索引
歸檔/設定歷史/20261008/06_待定與決策紀錄/SETTING_FREEZE_v1_清單.md,保留,歸檔/設定歷史/20261008/06_待定與決策紀錄/SETTING_FREEZE_v1_清單.md,歸檔區維持原位，只補README索引
歸檔/設定歷史/20261008/06_待定與決策紀錄/三十二天人物交接.md,保留,歸檔/設定歷史/20261008/06_待定與決策紀錄/三十二天人物交接.md,歸檔區維持原位，只補README索引
歸檔/設定歷史/20261008/06_待定與決策紀錄/三對朋友之約緣由提案.md,保留,歸檔/設定歷史/20261008/06_待定與決策紀錄/三對朋友之約緣由提案.md,歸檔區維持原位，只補README索引
歸檔/設定歷史/20261008/06_待定與決策紀錄/主角群招式修仙化提案.md,保留,歸檔/設定歷史/20261008/06_待定與決策紀錄/主角群招式修仙化提案.md,歸檔區維持原位，只補README索引
歸檔/設定歷史/20261008/06_待定與決策紀錄/主角群武學譜提案.md,保留,歸檔/設定歷史/20261008/06_待定與決策紀錄/主角群武學譜提案.md,歸檔區維持原位，只補README索引
歸檔/設定歷史/20261008/06_待定與決策紀錄/古飛揚絕學融入提案.md,保留,歸檔/設定歷史/20261008/06_待定與決策紀錄/古飛揚絕學融入提案.md,歸檔區維持原位，只補README索引
歸檔/設定歷史/20261008/06_待定與決策紀錄/四人核心定案提案.md,保留,歸檔/設定歷史/20261008/06_待定與決策紀錄/四人核心定案提案.md,歸檔區維持原位，只補README索引
歸檔/設定歷史/20261008/06_待定與決策紀錄/四伴星與命圖回歸提案.md,保留,歸檔/設定歷史/20261008/06_待定與決策紀錄/四伴星與命圖回歸提案.md,歸檔區維持原位，只補README索引
歸檔/設定歷史/20261008/06_待定與決策紀錄/底層規格第一輪提案.md,保留,歸檔/設定歷史/20261008/06_待定與決策紀錄/底層規格第一輪提案.md,歸檔區維持原位，只補README索引
歸檔/設定歷史/20261008/06_待定與決策紀錄/本輪專家提案彙整.md,保留,歸檔/設定歷史/20261008/06_待定與決策紀錄/本輪專家提案彙整.md,歸檔區維持原位，只補README索引
歸檔/設定歷史/20261008/06_待定與決策紀錄/決策紀錄_完整歷史.md,保留,歸檔/設定歷史/20261008/06_待定與決策紀錄/決策紀錄_完整歷史.md,歸檔區維持原位，只補README索引
歸檔/設定歷史/20261008/06_待定與決策紀錄/聖土重建交接.md,保留,歸檔/設定歷史/20261008/06_待定與決策紀錄/聖土重建交接.md,歸檔區維持原位，只補README索引
歸檔/設定歷史/20261008/06_待定與決策紀錄/聞人錦仙術版提案.md,保留,歸檔/設定歷史/20261008/06_待定與決策紀錄/聞人錦仙術版提案.md,歸檔區維持原位，只補README索引
歸檔/設定歷史/20261008/06_待定與決策紀錄/聞人錦能力十方向提案.md,保留,歸檔/設定歷史/20261008/06_待定與決策紀錄/聞人錦能力十方向提案.md,歸檔區維持原位，只補README索引
歸檔/設定歷史/20261008/README.md,保留,歸檔/設定歷史/20261008/README.md,歸檔區維持原位，只補README索引
母稿說明.md,搬移,設定/00_故事定位/母稿/母稿說明.md,與母稿同組
設定/00_故事定位/AI團隊競爭創作規約.md,搬移,規則/AI團隊競爭創作規約.md,專案工作規約，不是故事設定；AGENTS.md 需改連
設定/00_故事定位/README.md,保留,設定/00_故事定位/README.md,敘事意圖；移除團隊模式公告（已在規則區）
設定/00_故事定位/仙不必閉環_WriterRule.md,搬移,設定/00_故事定位/寫作規則/仙不必閉環.md,Writer Rule 集中一層，檔名去後綴
設定/00_故事定位/仙人生活不可凡人換皮_WriterRule.md,搬移,設定/00_故事定位/寫作規則/仙人生活不可凡人換皮.md,Writer Rule 集中一層，檔名去後綴
設定/00_故事定位/仙人視角守則.md,搬移,設定/00_故事定位/寫作規則/仙人視角守則.md,Writer Rule 集中一層，檔名去後綴
設定/00_故事定位/修仙文明底層規格.md,拆分,設定/01_世界格局/修仙文明/,52KB；拆 00_總則與量尺(核心原則–§1)/01_功法法寶(§2–3)/02_丹器陣禁符(§4–8)/03_材料妖獸(§9–10)/04_宗門與人口(§11–16)/05_經濟基建流通(§17–20)/06_醫療地域品階校驗(§21–26)；屬世界設定非故事定位
設定/00_故事定位/大綱完成前正文凍結.md,搬移,規則/大綱完成前正文凍結.md,專案最高工作規則，不是故事設定
設定/00_故事定位/情緒債與清算_WriterRule.md,搬移,設定/00_故事定位/寫作規則/情緒債與清算.md,Writer Rule 集中一層，檔名去後綴
設定/00_故事定位/禁止解釋清單_WriterRule.md,搬移,設定/00_故事定位/寫作規則/禁止解釋清單.md,Writer Rule 集中一層，檔名去後綴
設定/01_世界格局/README.md,保留,設定/01_世界格局/README.md,現行設定，路徑合理
設定/01_世界格局/三十二天.md,搬移,設定/01_世界格局/天地結構/三十二天.md,世界根層17檔平鋪，收為『天地結構』一層
設定/01_世界格局/下方層域.md,搬移,設定/01_世界格局/天地結構/下方層域.md,世界根層17檔平鋪，收為『天地結構』一層
設定/01_世界格局/九界共通神識天地.md,搬移,設定/01_世界格局/天地結構/九界共通神識天地.md,世界根層17檔平鋪，收為『天地結構』一層
設定/01_世界格局/九界界潮與界槎.md,搬移,設定/01_世界格局/天地結構/九界界潮與界槎.md,世界根層17檔平鋪，收為『天地結構』一層
設定/01_世界格局/九界與陸沉故土.md,搬移,設定/01_世界格局/天地結構/九界與陸沉故土.md,世界根層17檔平鋪，收為『天地結構』一層
設定/01_世界格局/五域/五域特殊族群分布.md,保留,設定/01_世界格局/五域/五域特殊族群分布.md,現行設定，路徑合理
設定/01_世界格局/五域/北天宗派與天驕.md,保留,設定/01_世界格局/五域/北天宗派與天驕.md,現行設定，路徑合理
設定/01_世界格局/五域/南荒宗派與天驕.md,保留,設定/01_世界格局/五域/南荒宗派與天驕.md,現行設定，路徑合理
設定/01_世界格局/五域/西極宗派與天驕.md,保留,設定/01_世界格局/五域/西極宗派與天驕.md,現行設定，路徑合理
設定/01_世界格局/仙庭對峙場景壓測.md,搬移,設定/02_歷史背景/仙庭對峙場景壓測.md,古戰仙庭對峙，屬歷史；候選段落保留標記
設定/01_世界格局/仙庭與王庭權力根基.md,搬移,設定/01_世界格局/勢力/仙庭與王庭權力根基.md,權力結構屬勢力
設定/01_世界格局/修士經濟.md,搬移,設定/01_世界格局/修仙文明/修士經濟.md,文明細則
設定/01_世界格局/劫故土六域與太玄宗.md,搬移,設定/01_世界格局/天地結構/劫故土六域與太玄宗.md,世界根層17檔平鋪，收為『天地結構』一層
設定/01_世界格局/勢力/三十二天勢力總表.md,保留,設定/01_世界格局/勢力/三十二天勢力總表.md,現行設定，路徑合理
設定/01_世界格局/勢力/三家王庭與量水山.md,保留,設定/01_世界格局/勢力/三家王庭與量水山.md,現行設定，路徑合理
設定/01_世界格局/勢力/上無極勢力.md,保留,設定/01_世界格局/勢力/上無極勢力.md,現行設定，路徑合理
設定/01_世界格局/勢力/下無極勢力.md,保留,設定/01_世界格局/勢力/下無極勢力.md,現行設定，路徑合理
設定/01_世界格局/勢力/其他八界/README.md,保留,設定/01_世界格局/勢力/其他八界/README.md,現行設定，路徑合理
設定/01_世界格局/勢力/其他八界/凌汛界.md,保留,設定/01_世界格局/勢力/其他八界/凌汛界.md,現行設定，路徑合理
設定/01_世界格局/勢力/其他八界/千根界.md,保留,設定/01_世界格局/勢力/其他八界/千根界.md,現行設定，路徑合理
設定/01_世界格局/勢力/其他八界/懸岳界.md,保留,設定/01_世界格局/勢力/其他八界/懸岳界.md,現行設定，路徑合理
設定/01_世界格局/勢力/其他八界/昏曉界.md,保留,設定/01_世界格局/勢力/其他八界/昏曉界.md,現行設定，路徑合理
設定/01_世界格局/勢力/其他八界/望歸界.md,保留,設定/01_世界格局/勢力/其他八界/望歸界.md,現行設定，路徑合理
設定/01_世界格局/勢力/其他八界/蒹葭界.md,保留,設定/01_世界格局/勢力/其他八界/蒹葭界.md,現行設定，路徑合理
設定/01_世界格局/勢力/其他八界/霜明界.md,保留,設定/01_世界格局/勢力/其他八界/霜明界.md,現行設定，路徑合理
設定/01_世界格局/勢力/其他八界/驤鳴界.md,保留,設定/01_世界格局/勢力/其他八界/驤鳴界.md,現行設定，路徑合理
設定/01_世界格局/勢力/劫故土六域頂級勢力.md,保留,設定/01_世界格局/勢力/劫故土六域頂級勢力.md,現行設定，路徑合理
設定/01_世界格局/勢力/十八王庭.md,保留,設定/01_世界格局/勢力/十八王庭.md,現行設定，路徑合理
設定/01_世界格局/勢力/各界反派/README.md,保留,設定/01_世界格局/勢力/各界反派/README.md,現行設定，路徑合理
設定/01_世界格局/勢力/各界反派/上界.md,保留,設定/01_世界格局/勢力/各界反派/上界.md,現行設定，路徑合理
設定/01_世界格局/勢力/各界反派/其他八界.md,保留,設定/01_世界格局/勢力/各界反派/其他八界.md,現行設定，路徑合理
設定/01_世界格局/勢力/各界反派/陸沉故土.md,保留,設定/01_世界格局/勢力/各界反派/陸沉故土.md,現行設定，路徑合理
設定/01_世界格局/勢力/大羅仙庭與仙帝道場.md,保留,設定/01_世界格局/勢力/大羅仙庭與仙帝道場.md,現行設定，路徑合理
設定/01_世界格局/勢力/太玄宗/README.md,保留,設定/01_世界格局/勢力/太玄宗/README.md,現行設定，路徑合理
設定/01_世界格局/勢力/太玄宗/七峰與公共設施.md,保留,設定/01_世界格局/勢力/太玄宗/七峰與公共設施.md,現行設定，路徑合理
設定/01_世界格局/勢力/太素道宮.md,保留,設定/01_世界格局/勢力/太素道宮.md,現行設定，路徑合理
設定/01_世界格局/勢力/家底卡/README.md,保留,設定/01_世界格局/勢力/家底卡/README.md,現行設定，路徑合理
設定/01_世界格局/勢力/家底卡/上無極.md,保留,設定/01_世界格局/勢力/家底卡/上無極.md,現行設定，路徑合理
設定/01_世界格局/勢力/家底卡/下無極.md,保留,設定/01_世界格局/勢力/家底卡/下無極.md,現行設定，路徑合理
設定/01_世界格局/勢力/家底卡/其他八界.md,保留,設定/01_世界格局/勢力/家底卡/其他八界.md,現行設定，路徑合理
設定/01_世界格局/勢力/家底卡/東溟三大宗.md,保留,設定/01_世界格局/勢力/家底卡/東溟三大宗.md,現行設定，路徑合理
設定/01_世界格局/勢力/家底卡/規模口徑提案.md,保留,設定/01_世界格局/勢力/家底卡/規模口徑提案.md,現行設定，路徑合理
設定/01_世界格局/勢力/家底卡/跨層_太素道宮與同歸會.md,保留,設定/01_世界格局/勢力/家底卡/跨層_太素道宮與同歸會.md,現行設定，路徑合理
設定/01_世界格局/勢力/家底卡/長亭天_中神州.md,保留,設定/01_世界格局/勢力/家底卡/長亭天_中神州.md,現行設定，路徑合理
設定/01_世界格局/勢力/家底卡/長亭天_南荒北天東溟.md,保留,設定/01_世界格局/勢力/家底卡/長亭天_南荒北天東溟.md,現行設定，路徑合理
設定/01_世界格局/勢力/家底卡/長亭天_西極.md,保留,設定/01_世界格局/勢力/家底卡/長亭天_西極.md,現行設定，路徑合理
設定/01_世界格局/勢力/朔河王庭.md,保留,設定/01_世界格局/勢力/朔河王庭.md,現行設定，路徑合理
設定/01_世界格局/勢力/歸一派.md,保留,設定/01_世界格局/勢力/歸一派.md,現行設定，路徑合理
設定/01_世界格局/勢力/玄闕王庭.md,保留,設定/01_世界格局/勢力/玄闕王庭.md,現行設定，路徑合理
設定/01_世界格局/勢力/量水山.md,保留,設定/01_世界格局/勢力/量水山.md,現行設定，路徑合理
設定/01_世界格局/勢力/長離王庭.md,保留,設定/01_世界格局/勢力/長離王庭.md,現行設定，路徑合理
設定/01_世界格局/四種跨域通行與時間流速_v1候選.md,搬移,設定/01_世界格局/天地結構/四種跨域通行與時間流速_v1候選.md,世界根層17檔平鋪，收為『天地結構』一層
設定/01_世界格局/天域四大書院.md,搬移,設定/01_世界格局/天地結構/天域四大書院.md,世界根層17檔平鋪，收為『天地結構』一層
設定/01_世界格局/天域與跨域秩序.md,搬移,設定/01_世界格局/天地結構/天域與跨域秩序.md,世界根層17檔平鋪，收為『天地結構』一層
設定/01_世界格局/機構與跨界交通.md,搬移,設定/01_世界格局/天地結構/機構與跨界交通.md,世界根層17檔平鋪，收為『天地結構』一層
設定/01_世界格局/聖土/README.md,保留,設定/01_世界格局/聖土/README.md,現行設定，路徑合理
設定/01_世界格局/聖土/人物/00_勢力總表.md,拆分,設定/01_世界格局/聖土/人物/,118KB；拆 命名與分級/中心大陸/邊地與外圍/半聖與專名/與三十二天對照與文明上限
設定/01_世界格局/聖土/人物/01_維拉丁劍廷與中央高地.md,保留,設定/01_世界格局/聖土/人物/01_維拉丁劍廷與中央高地.md,現行設定，路徑合理
設定/01_世界格局/聖土/人物/02_伊爾瓦魂院與德雷凡.md,保留,設定/01_世界格局/聖土/人物/02_伊爾瓦魂院與德雷凡.md,現行設定，路徑合理
設定/01_世界格局/聖土/人物/03_卡洛陣會與奧德米爾.md,保留,設定/01_世界格局/聖土/人物/03_卡洛陣會與奧德米爾.md,現行設定，路徑合理
設定/01_世界格局/聖土/人物/04_守港修會與撫恤冊籍.md,保留,設定/01_世界格局/聖土/人物/04_守港修會與撫恤冊籍.md,現行設定，路徑合理
設定/01_世界格局/聖土/人物/05_蒸瓶公會.md,保留,設定/01_世界格局/聖土/人物/05_蒸瓶公會.md,現行設定，路徑合理
設定/01_世界格局/聖土/人物/06_赫爾家與城盟諸家.md,保留,設定/01_世界格局/聖土/人物/06_赫爾家與城盟諸家.md,現行設定，路徑合理
設定/01_世界格局/聖土/人物/07_佩魯書院與城盟諸會.md,保留,設定/01_世界格局/聖土/人物/07_佩魯書院與城盟諸會.md,現行設定，路徑合理
設定/01_世界格局/聖土/人物/08_錘廳契約廳與商路.md,保留,設定/01_世界格局/聖土/人物/08_錘廳契約廳與商路.md,現行設定，路徑合理
設定/01_世界格局/聖土/人物/09_奧斯馬克鍛廳與奧斯崔斯.md,保留,設定/01_世界格局/聖土/人物/09_奧斯馬克鍛廳與奧斯崔斯.md,現行設定，路徑合理
設定/01_世界格局/聖土/人物/10_邊地西段：烏爾溫家與雷望衛.md,保留,設定/01_世界格局/聖土/人物/10_邊地西段：烏爾溫家與雷望衛.md,現行設定，路徑合理
設定/01_世界格局/聖土/人物/11_邊地東南與灰洋焦沙.md,保留,設定/01_世界格局/聖土/人物/11_邊地東南與灰洋焦沙.md,現行設定，路徑合理
設定/01_世界格局/聖土/人物/12_散修與雜職.md,保留,設定/01_世界格局/聖土/人物/12_散修與雜職.md,現行設定，路徑合理
設定/01_世界格局/聖土/人物/13_化形魔獸.md,保留,設定/01_世界格局/聖土/人物/13_化形魔獸.md,現行設定，路徑合理
設定/01_世界格局/聖土/人物/14_陸沉會遇到的人.md,保留,設定/01_世界格局/聖土/人物/14_陸沉會遇到的人.md,現行設定，路徑合理
設定/01_世界格局/聖土/人物/15_城盟諸城與中心行當.md,保留,設定/01_世界格局/聖土/人物/15_城盟諸城與中心行當.md,現行設定，路徑合理
設定/01_世界格局/聖土/人物/16_中心東西北三流.md,保留,設定/01_世界格局/聖土/人物/16_中心東西北三流.md,現行設定，路徑合理
設定/01_世界格局/聖土/人物/17_邊地城席與本土宗門.md,保留,設定/01_世界格局/聖土/人物/17_邊地城席與本土宗門.md,現行設定，路徑合理
設定/01_世界格局/聖土/人物/18_外圍與獸嶺補增.md,保留,設定/01_世界格局/聖土/人物/18_外圍與獸嶺補增.md,現行設定，路徑合理
設定/01_世界格局/聖土/人物/20_尼倫斯西半.md,保留,設定/01_世界格局/聖土/人物/20_尼倫斯西半.md,現行設定，路徑合理
設定/01_世界格局/聖土/人物/21_尼倫斯東半與長脊.md,保留,設定/01_世界格局/聖土/人物/21_尼倫斯東半與長脊.md,現行設定，路徑合理
設定/01_世界格局/聖土/人物/22_努瓦羅引火帶與河口.md,保留,設定/01_世界格局/聖土/人物/22_努瓦羅引火帶與河口.md,現行設定，路徑合理
設定/01_世界格局/聖土/人物/23_努瓦羅纏林與林約家.md,保留,設定/01_世界格局/聖土/人物/23_努瓦羅纏林與林約家.md,現行設定，路徑合理
設定/01_世界格局/聖土/人物/24_茵布瑞.md,保留,設定/01_世界格局/聖土/人物/24_茵布瑞.md,現行設定，路徑合理
設定/01_世界格局/聖土/人物/25_廷德拉.md,保留,設定/01_世界格局/聖土/人物/25_廷德拉.md,現行設定，路徑合理
設定/01_世界格局/聖土/人物/26_踏石群島與無主海.md,保留,設定/01_世界格局/聖土/人物/26_踏石群島與無主海.md,現行設定，路徑合理
設定/01_世界格局/聖土/人物/27_諸洲頂層索引.md,保留,設定/01_世界格局/聖土/人物/27_諸洲頂層索引.md,現行設定，路徑合理
設定/01_世界格局/聖土/人物/28_同代女天驕.md,保留,設定/01_世界格局/聖土/人物/28_同代女天驕.md,現行設定，路徑合理
設定/01_世界格局/聖土/人物/29_各洲反派.md,拆分,設定/01_世界格局/聖土/人物/反派/,127KB；按洲拆八檔＋冒名劫／打手下線／聯手線與總表
設定/01_世界格局/聖土/人物/30_跨兩界網絡與聯手.md,保留,設定/01_世界格局/聖土/人物/30_跨兩界網絡與聯手.md,現行設定，路徑合理
設定/01_世界格局/聖土/人物/99_總名冊.md,保留,設定/01_世界格局/聖土/人物/99_總名冊.md,現行設定，路徑合理
設定/01_世界格局/聖土/古戰與兩界衝突.md,搬移,設定/01_世界格局/聖土/規則與跨界/古戰與兩界衝突.md,聖土根層25檔，按『規則／當代／文明細則』分層
設定/01_世界格局/聖土/地理勢力與撫恤.md,搬移,設定/01_世界格局/聖土/當代/地理勢力與撫恤.md,聖土當代查閱層
設定/01_世界格局/聖土/境界對照與跨界.md,拆分,設定/01_世界格局/聖土/規則與跨界/,86KB；拆 境界功法魔獸對照(對照表–魔獸)/跨界總則與限制(跨界總則–錨印縫鎖)/兩界三條路與往返(三條路–界潮週期)
設定/01_世界格局/聖土/家底卡/README.md,保留,設定/01_世界格局/聖土/家底卡/README.md,現行設定，路徑合理
設定/01_世界格局/聖土/家底卡/伊爾瓦魂院.md,保留,設定/01_世界格局/聖土/家底卡/伊爾瓦魂院.md,現行設定，路徑合理
設定/01_世界格局/聖土/家底卡/卡洛陣會.md,保留,設定/01_世界格局/聖土/家底卡/卡洛陣會.md,現行設定，路徑合理
設定/01_世界格局/聖土/家底卡/奧斯馬克鍛廳.md,保留,設定/01_世界格局/聖土/家底卡/奧斯馬克鍛廳.md,現行設定，路徑合理
設定/01_世界格局/聖土/家底卡/守港修會.md,保留,設定/01_世界格局/聖土/家底卡/守港修會.md,現行設定，路徑合理
設定/01_世界格局/聖土/家底卡/布雷肯獸欄會.md,保留,設定/01_世界格局/聖土/家底卡/布雷肯獸欄會.md,現行設定，路徑合理
設定/01_世界格局/聖土/家底卡/維拉丁劍廷.md,保留,設定/01_世界格局/聖土/家底卡/維拉丁劍廷.md,現行設定，路徑合理
設定/01_世界格局/聖土/家底卡/蒸瓶公會.md,保留,設定/01_世界格局/聖土/家底卡/蒸瓶公會.md,現行設定，路徑合理
設定/01_世界格局/聖土/家底卡/薩內爾翼會.md,保留,設定/01_世界格局/聖土/家底卡/薩內爾翼會.md,現行設定，路徑合理
設定/01_世界格局/聖土/家底卡/赫爾家.md,保留,設定/01_世界格局/聖土/家底卡/赫爾家.md,現行設定，路徑合理
設定/01_世界格局/聖土/家底卡/雷望衛.md,保留,設定/01_世界格局/聖土/家底卡/雷望衛.md,現行設定，路徑合理
設定/01_世界格局/聖土/家底庫補遺_聖土天驕.md,搬移,設定/01_世界格局/聖土/家底卡/補遺_聖土天驕.md,屬家底卡
設定/01_世界格局/聖土/屋頂之帳.md,搬移,設定/01_世界格局/聖土/當代/屋頂之帳.md,聖土當代查閱層
設定/01_世界格局/聖土/改名提案_回瀾與四會鬥技.md,歸檔,歸檔/設定歷史/20261009/聖土/改名提案_回瀾與四會鬥技.md,檔頭：已定已套用，餘為提案紀錄
設定/01_世界格局/聖土/界潮奇觀_縫雷與走潮者.md,搬移,設定/01_世界格局/聖土/規則與跨界/界潮奇觀_縫雷與走潮者.md,聖土根層25檔，按『規則／當代／文明細則』分層
設定/01_世界格局/聖土/當代人物.md,搬移,設定/01_世界格局/聖土/當代/當代人物.md,聖土當代查閱層；74KB與人物分檔重複，後續縮成索引
設定/01_世界格局/聖土/當代勢力.md,搬移,設定/01_世界格局/聖土/當代/當代勢力.md,聖土當代查閱層
設定/01_世界格局/聖土/當代地理.md,搬移,設定/01_世界格局/聖土/當代/當代地理.md,聖土當代查閱層
設定/01_世界格局/聖土/當代地理_諸洲.md,搬移,設定/01_世界格局/聖土/當代/當代地理_諸洲.md,聖土當代查閱層
設定/01_世界格局/聖土/當代榜單.md,搬移,設定/01_世界格局/聖土/當代/當代榜單.md,聖土當代查閱層
設定/01_世界格局/聖土/當代生活.md,搬移,設定/01_世界格局/聖土/當代/當代生活.md,聖土當代查閱層
設定/01_世界格局/聖土/聖土人的一生提案.md,搬移,設定/01_世界格局/聖土/文明細則/聖土人的一生.md,多題作者已裁定；歸文明細則層，檔內保留現況標記
設定/01_世界格局/聖土/聖土天地經濟提案.md,搬移,設定/01_世界格局/聖土/文明細則/聖土天地經濟.md,多題作者已裁定；歸文明細則層，檔內保留現況標記
設定/01_世界格局/聖土/聖土法律與暴力秩序提案.md,搬移,設定/01_世界格局/聖土/文明細則/聖土法律與暴力秩序.md,多題作者已裁定；歸文明細則層，檔內保留現況標記
設定/01_世界格局/聖土/聖土職業樹與城市日常提案.md,搬移,設定/01_世界格局/聖土/文明細則/聖土職業樹與城市日常.md,多題作者已裁定；歸文明細則層，檔內保留現況標記
設定/01_世界格局/聖土/聖土資訊網提案.md,搬移,設定/01_世界格局/聖土/文明細則/聖土資訊網.md,多題作者已裁定；歸文明細則層，檔內保留現況標記
設定/01_世界格局/聖土/聖土遺跡洞府禁區提案.md,搬移,設定/01_世界格局/聖土/文明細則/聖土遺跡洞府禁區.md,多題作者已裁定；歸文明細則層，檔內保留現況標記
設定/01_世界格局/聖土/陸沉首入聖土.md,搬移,大綱/00_全書骨架/跨篇長線/陸沉三次入聖土.md,實為三訪故事總線（標題『陸沉三次入聖土與封寒同行』），屬大綱；與各訪大綱待核取代範圍
設定/01_世界格局/聖土/雷與火.md,搬移,設定/01_世界格局/聖土/規則與跨界/雷與火.md,聖土根層25檔，按『規則／當代／文明細則』分層
設定/01_世界格局/聖土/靈魂術與證據.md,搬移,設定/01_世界格局/聖土/規則與跨界/靈魂術與證據.md,聖土根層25檔，按『規則／當代／文明細則』分層
設定/01_世界格局/諸神聖土.md,搬移,設定/01_世界格局/聖土/00_諸神聖土.md,聖土總論散在世界根層，與聖土資料夾分離
設定/02_歷史背景/README.md,保留,設定/02_歷史背景/README.md,現行設定，路徑合理
設定/02_歷史背景/作者真相與各方記憶.md,保留,設定/02_歷史背景/作者真相與各方記憶.md,現行設定，路徑合理
設定/02_歷史背景/古戰因果與責任.md,保留,設定/02_歷史背景/古戰因果與責任.md,現行設定，路徑合理
設定/03_人物設定/README.md,保留,設定/03_人物設定/README.md,現行設定，路徑合理
設定/03_人物設定/三十二天/上無極人物.md,保留,設定/03_人物設定/三十二天/上無極人物.md,現行設定，路徑合理
設定/03_人物設定/三十二天/下無極人物.md,保留,設定/03_人物設定/三十二天/下無極人物.md,現行設定，路徑合理
設定/03_人物設定/三十二天/其餘九庭人物.md,保留,設定/03_人物設定/三十二天/其餘九庭人物.md,現行設定，路徑合理
設定/03_人物設定/三十二天/受創九庭人物.md,保留,設定/03_人物設定/三十二天/受創九庭人物.md,現行設定，路徑合理
設定/03_人物設定/三十二天/同歸會人物.md,保留,設定/03_人物設定/三十二天/同歸會人物.md,現行設定，路徑合理
設定/03_人物設定/三十二天/大羅仙庭與仙帝道場人物.md,保留,設定/03_人物設定/三十二天/大羅仙庭與仙帝道場人物.md,現行設定，路徑合理
設定/03_人物設定/三十二天/太素道宮人物.md,保留,設定/03_人物設定/三十二天/太素道宮人物.md,現行設定，路徑合理
設定/03_人物設定/三十二天/故土六域人物.md,保留,設定/03_人物設定/三十二天/故土六域人物.md,現行設定，路徑合理
設定/03_人物設定/三十二天/第二層_行路人.md,保留,設定/03_人物設定/三十二天/第二層_行路人.md,現行設定，路徑合理
設定/03_人物設定/三十二天人物總名冊.md,搬移,設定/03_人物設定/三十二天/00_總名冊.md,名冊與分檔同層
設定/03_人物設定/下界天驕/北天天驕.md,保留,設定/03_人物設定/下界天驕/北天天驕.md,現行設定，路徑合理
設定/03_人物設定/下界天驕/南荒天驕.md,保留,設定/03_人物設定/下界天驕/南荒天驕.md,現行設定，路徑合理
設定/03_人物設定/下界天驕/西極天驕.md,保留,設定/03_人物設定/下界天驕/西極天驕.md,現行設定，路徑合理
設定/03_人物設定/主角群/文奕.md,保留,設定/03_人物設定/主角群/文奕.md,現行設定，路徑合理
設定/03_人物設定/主角群/洛生衣.md,保留,設定/03_人物設定/主角群/洛生衣.md,現行設定，路徑合理
設定/03_人物設定/人物檔案寫法.md,保留,設定/03_人物設定/人物檔案寫法.md,現行設定，路徑合理
設定/03_人物設定/人物關係.md,保留,設定/03_人物設定/人物關係.md,現行設定，路徑合理
設定/03_人物設定/其他八界/README.md,保留,設定/03_人物設定/其他八界/README.md,現行設定，路徑合理
設定/03_人物設定/其他八界/凌汛界人物.md,保留,設定/03_人物設定/其他八界/凌汛界人物.md,現行設定，路徑合理
設定/03_人物設定/其他八界/千根界人物.md,保留,設定/03_人物設定/其他八界/千根界人物.md,現行設定，路徑合理
設定/03_人物設定/其他八界/懸岳界人物.md,保留,設定/03_人物設定/其他八界/懸岳界人物.md,現行設定，路徑合理
設定/03_人物設定/其他八界/昏曉界人物.md,保留,設定/03_人物設定/其他八界/昏曉界人物.md,現行設定，路徑合理
設定/03_人物設定/其他八界/望歸界人物.md,保留,設定/03_人物設定/其他八界/望歸界人物.md,現行設定，路徑合理
設定/03_人物設定/其他八界/蒹葭界人物.md,保留,設定/03_人物設定/其他八界/蒹葭界人物.md,現行設定，路徑合理
設定/03_人物設定/其他八界/霜明界人物.md,保留,設定/03_人物設定/其他八界/霜明界人物.md,現行設定，路徑合理
設定/03_人物設定/其他八界/驤鳴界人物.md,保留,設定/03_人物設定/其他八界/驤鳴界人物.md,現行設定，路徑合理
設定/03_人物設定/古代人物/厲文恪_長離王庭上古同謀.md,保留,設定/03_人物設定/古代人物/厲文恪_長離王庭上古同謀.md,現行設定，路徑合理
設定/03_人物設定/古代人物/商玄度_玄闕王庭上古同謀.md,保留,設定/03_人物設定/古代人物/商玄度_玄闕王庭上古同謀.md,現行設定，路徑合理
設定/03_人物設定/古代人物/烏蘅_異域公主.md,保留,設定/03_人物設定/古代人物/烏蘅_異域公主.md,現行設定，路徑合理
設定/03_人物設定/古代人物/王庭上古同謀.md,保留,設定/03_人物設定/古代人物/王庭上古同謀.md,現行設定，路徑合理
設定/03_人物設定/古代人物/祁宗岳_太宸仙帝.md,保留,設定/03_人物設定/古代人物/祁宗岳_太宸仙帝.md,現行設定，路徑合理
設定/03_人物設定/古代人物/祁承晏_仙帝長子.md,保留,設定/03_人物設定/古代人物/祁承晏_仙帝長子.md,現行設定，路徑合理
設定/03_人物設定/古代人物/祁承朔_心機皇子.md,保留,設定/03_人物設定/古代人物/祁承朔_心機皇子.md,現行設定，路徑合理
設定/03_人物設定/同代女天驕群像.md,保留,設定/03_人物設定/同代女天驕群像.md,現行設定，路徑合理
設定/03_人物設定/太玄宗/宗主與峰主提案.md,搬移,設定/03_人物設定/太玄宗/宗主與峰主.md,D060 採為現行，檔名去『提案』
設定/03_人物設定/太玄宗/鎮岳峰/README.md,保留,設定/03_人物設定/太玄宗/鎮岳峰/README.md,現行設定，路徑合理
設定/03_人物設定/太玄宗/鎮岳峰/岳沉淵.md,保留,設定/03_人物設定/太玄宗/鎮岳峰/岳沉淵.md,現行設定，路徑合理
設定/03_人物設定/太玄宗/鎮岳峰/柳青藤.md,保留,設定/03_人物設定/太玄宗/鎮岳峰/柳青藤.md,現行設定，路徑合理
設定/03_人物設定/太玄宗/鎮岳峰/沈山河.md,保留,設定/03_人物設定/太玄宗/鎮岳峰/沈山河.md,現行設定，路徑合理
設定/03_人物設定/太玄宗/鎮岳峰/沿用核對.md,保留,設定/03_人物設定/太玄宗/鎮岳峰/沿用核對.md,現行設定，路徑合理
設定/03_人物設定/太玄宗/鎮岳峰/秦照雪.md,保留,設定/03_人物設定/太玄宗/鎮岳峰/秦照雪.md,現行設定，路徑合理
設定/03_人物設定/太玄宗/鎮岳峰/陸行烈.md,保留,設定/03_人物設定/太玄宗/鎮岳峰/陸行烈.md,現行設定，路徑合理
設定/03_人物設定/太玄宗/鎮岳峰/韓鐵衣.md,保留,設定/03_人物設定/太玄宗/鎮岳峰/韓鐵衣.md,現行設定，路徑合理
設定/03_人物設定/太玄宗/鎮岳峰/顧小滿.md,保留,設定/03_人物設定/太玄宗/鎮岳峰/顧小滿.md,現行設定，路徑合理
設定/03_人物設定/太玄宗/青璃.md,保留,設定/03_人物設定/太玄宗/青璃.md,現行設定，路徑合理
設定/03_人物設定/待沿用人物與素材.md,搬移,待定與決策/待定/待沿用人物與素材.md,待辦清單性質
設定/03_人物設定/本輪人物與修行定名.md,搬移,設定/03_人物設定/配角定名總覽.md,『本輪』是時間相對詞，改穩定檔名
設定/03_人物設定/核心三人/封寒.md,搬移,設定/03_人物設定/主角群/封寒.md,D071 後核心為四人，『核心三人』與『主角群』兩夾並存；合為主角群
設定/03_人物設定/核心三人/陸沉.md,搬移,設定/03_人物設定/主角群/陸沉.md,D071 後核心為四人，『核心三人』與『主角群』兩夾並存；合為主角群
設定/03_人物設定/核心三人/雲行.md,搬移,設定/03_人物設定/主角群/雲行.md,D071 後核心為四人，『核心三人』與『主角群』兩夾並存；合為主角群
設定/03_人物設定/核心感情線節點.md,保留,設定/03_人物設定/核心感情線節點.md,現行設定，路徑合理
設定/03_人物設定/當代人物/商應璋_玄闕王庭聖子.md,保留,設定/03_人物設定/當代人物/商應璋_玄闕王庭聖子.md,現行設定，路徑合理
設定/03_人物設定/當代人物/岑越_朔河王庭聖子.md,保留,設定/03_人物設定/當代人物/岑越_朔河王庭聖子.md,現行設定，路徑合理
設定/03_人物設定/當代人物/溫棠_調查女子.md,保留,設定/03_人物設定/當代人物/溫棠_調查女子.md,現行設定，路徑合理
設定/03_人物設定/當代人物/聞人錦_知己試探者.md,保留,設定/03_人物設定/當代人物/聞人錦_知己試探者.md,現行設定，路徑合理
設定/03_人物設定/當代人物/裴照川_英雄前輩.md,保留,設定/03_人物設定/當代人物/裴照川_英雄前輩.md,現行設定，路徑合理
設定/03_人物設定/當代人物/許成蹊_溫棠同門師弟.md,保留,設定/03_人物設定/當代人物/許成蹊_溫棠同門師弟.md,現行設定，路徑合理
設定/03_人物設定/當代人物/辛未雨_察變署主事.md,保留,設定/03_人物設定/當代人物/辛未雨_察變署主事.md,現行設定，路徑合理
設定/03_人物設定/當代人物/閣老.md,保留,設定/03_人物設定/當代人物/閣老.md,現行設定，路徑合理
設定/04_修行與特殊事物/README.md,保留,設定/04_修行與特殊事物/README.md,現行設定，路徑合理
設定/04_修行與特殊事物/丹道/丹藥與雷煉丹.md,保留,設定/04_修行與特殊事物/丹道/丹藥與雷煉丹.md,現行設定，路徑合理
設定/04_修行與特殊事物/丹道/煉丹閣任事制度.md,保留,設定/04_修行與特殊事物/丹道/煉丹閣任事制度.md,現行設定，路徑合理
設定/04_修行與特殊事物/主角群武學譜.md,拆分,設定/04_修行與特殊事物/武學/,130KB；拆 00_設計原則與對齊/劫_陸沉/天譴/封寒/雲行/文奕/洛生衣/女天驕/雷外之術與壓境戰＋留白；舊雷序段落另歸檔（精簡審查遺留項2）
設定/04_修行與特殊事物/修士遺痕與後手.md,搬移,設定/04_修行與特殊事物/基準/修士遺痕與後手.md,能力設計基準
設定/04_修行與特殊事物/修士邏輯基準.md,搬移,設定/04_修行與特殊事物/基準/修士邏輯基準.md,能力設計基準
設定/04_修行與特殊事物/修行與世界規則.md,合併,設定/04_修行與特殊事物/README.md,802B 轉址頁，併入 README
設定/04_修行與特殊事物/劫厄與旅途同行者.md,搬移,設定/04_修行與特殊事物/特殊事物/劫厄與旅途同行者.md,特殊事物一層
設定/04_修行與特殊事物/境界/人物境界對照.md,保留,設定/04_修行與特殊事物/境界/人物境界對照.md,現行設定，路徑合理
設定/04_修行與特殊事物/境界/境界與能力尺度.md,保留,設定/04_修行與特殊事物/境界/境界與能力尺度.md,現行設定，路徑合理
設定/04_修行與特殊事物/太玄命圖.md,搬移,設定/04_修行與特殊事物/特殊事物/太玄命圖.md,特殊事物一層
設定/04_修行與特殊事物/寶物/品階與使用規則.md,保留,設定/04_修行與特殊事物/寶物/品階與使用規則.md,現行設定，路徑合理
設定/04_修行與特殊事物/寶物/寶物總錄.md,保留,設定/04_修行與特殊事物/寶物/寶物總錄.md,現行設定，路徑合理
設定/04_修行與特殊事物/指骨.md,搬移,設定/04_修行與特殊事物/特殊事物/指骨.md,特殊事物一層
設定/04_修行與特殊事物/洛生衣_雙生環與兩岸.md,搬移,設定/04_修行與特殊事物/武學/洛生衣_雙生環與兩岸.md,個人修行專檔與武學同層
設定/04_修行與特殊事物/配角招式總錄.md,搬移,設定/04_修行與特殊事物/武學/配角招式總錄.md,武學同層
設定/04_修行與特殊事物/陣法與禁制.md,搬移,設定/04_修行與特殊事物/陣禁/陣法與禁制.md,根層平鋪，入分類
設定/04_修行與特殊事物/雷道/README.md,保留,設定/04_修行與特殊事物/雷道/README.md,現行設定，路徑合理
設定/04_修行與特殊事物/雷道/九霄劫雷.md,保留,設定/04_修行與特殊事物/雷道/九霄劫雷.md,現行設定，路徑合理
設定/04_修行與特殊事物/雷道/兩儀玄雷.md,保留,設定/04_修行與特殊事物/雷道/兩儀玄雷.md,現行設定，路徑合理
設定/04_修行與特殊事物/雷道/千相紫雷.md,保留,設定/04_修行與特殊事物/雷道/千相紫雷.md,現行設定，路徑合理
設定/04_修行與特殊事物/雷道/天下異雷榜與色相.md,保留,設定/04_修行與特殊事物/雷道/天下異雷榜與色相.md,現行設定，路徑合理
設定/04_修行與特殊事物/雷道/太古震魂雷.md,保留,設定/04_修行與特殊事物/雷道/太古震魂雷.md,現行設定，路徑合理
設定/04_修行與特殊事物/雷道/太玄宗三身日常.md,保留,設定/04_修行與特殊事物/雷道/太玄宗三身日常.md,現行設定，路徑合理
設定/04_修行與特殊事物/雷道/太虛神雷.md,保留,設定/04_修行與特殊事物/雷道/太虛神雷.md,現行設定，路徑合理
設定/04_修行與特殊事物/雷道/星羅銀雷.md,保留,設定/04_修行與特殊事物/雷道/星羅銀雷.md,現行設定，路徑合理
設定/04_修行與特殊事物/雷道/歸墟黑雷.md,保留,設定/04_修行與特殊事物/雷道/歸墟黑雷.md,現行設定，路徑合理
設定/04_修行與特殊事物/雷道/殞星天雷.md,保留,設定/04_修行與特殊事物/雷道/殞星天雷.md,現行設定，路徑合理
設定/04_修行與特殊事物/雷道/流光金雷.md,保留,設定/04_修行與特殊事物/雷道/流光金雷.md,現行設定，路徑合理
設定/04_修行與特殊事物/雷道/無間神雷.md,保留,設定/04_修行與特殊事物/雷道/無間神雷.md,現行設定，路徑合理
設定/04_修行與特殊事物/雷道/雷池與雷域.md,保留,設定/04_修行與特殊事物/雷道/雷池與雷域.md,現行設定，路徑合理
設定/04_修行與特殊事物/雷道/雷種熔煉與雷身修行.md,保留,設定/04_修行與特殊事物/雷道/雷種熔煉與雷身修行.md,現行設定，路徑合理
設定/05_故事主線與揭露/README.md,保留,設定/05_故事主線與揭露/README.md,現行設定，路徑合理
設定/05_故事主線與揭露/三人的獨立故事與同行.md,搬移,大綱/00_全書骨架/三人的獨立故事與同行.md,故事順序骨架，屬大綱
設定/05_故事主線與揭露/下界成長與相識順序.md,搬移,大綱/00_全書骨架/下界成長與相識順序.md,故事順序骨架，屬大綱
設定/05_故事主線與揭露/主線推理骨架.md,保留,設定/05_故事主線與揭露/主線推理骨架.md,現行設定，路徑合理
設定/05_故事主線與揭露/主線路線總稿.md,拆分,大綱/00_全書骨架/主線路線總稿/,108KB 故事骨架（二十八篇）屬大綱；拆 README(依據與原則)/逐篇_第1-8/9-14/15-21/22-28/裁決規則與年齡；總覽13列仍指向它
設定/05_故事主線與揭露/九雷取得與大比年齡線.md,搬移,大綱/00_全書骨架/九雷取得與大比年齡線.md,故事順序骨架，屬大綱
設定/05_故事主線與揭露/劫與生的煉丹日常.md,搬移,大綱/01_少年太玄/承接事件/劫與生的煉丹日常.md,卷一至卷四的已選事件骨架，屬故事
設定/05_故事主線與揭露/封寒與第二雷.md,搬移,大綱/01_少年太玄/承接事件/封寒與第二雷.md,卷一至卷四的已選事件骨架，屬故事
設定/05_故事主線與揭露/童年與第一雷.md,搬移,大綱/01_少年太玄/承接事件/童年與第一雷.md,卷一至卷四的已選事件骨架，屬故事
設定/05_故事主線與揭露/線索與開篇.md,保留,設定/05_故事主線與揭露/線索與開篇.md,現行設定，路徑合理
設定/05_故事主線與揭露/舊版素材移植清單.md,搬移,待定與決策/待定/舊版素材移植清單.md,移植待辦清單
設定/06_待定與決策紀錄/20261004_新想法待定矩陣.md,搬移,待定與決策/待定/20261004_新想法待定矩陣.md,待定區
設定/06_待定與決策紀錄/README.md,拆分,待定與決策/README.md＋待定與決策/決策紀錄/,50KB；README只留讀法與索引，D101–D129 及 2026-10 條目移 決策紀錄/2026-10_D101起.md
設定/06_待定與決策紀錄/三十二天遺跡洞府禁區提案.md,拆分,設定/01_世界格局/修仙文明/遺跡洞府禁區.md＋待定與決策/提案/三十二天遺跡洞府禁區提案.md,精簡審查認定含已選細則唯一來源；已選細則抽入設定，未採選項留提案（需逐題核效力，最後階段做）
設定/06_待定與決策紀錄/主角群修仙武學整合提案.md,搬移,待定與決策/提案/主角群修仙武學整合提案.md,候選／待拍板提案，留在待定區
設定/06_待定與決策紀錄/九界文化差提案.md,拆分,設定/01_世界格局/修仙文明/九界文化差.md＋待定與決策/提案/九界文化差提案.md,精簡審查認定含已選細則唯一來源；已選細則抽入設定，未採選項留提案（需逐題核效力，最後階段做）
設定/06_待定與決策紀錄/九雷人生節點.md,搬移,大綱/00_全書骨架/九雷人生節點.md,與九雷取得年齡線同組
設定/06_待定與決策紀錄/二十八篇因果鏈.md,搬移,大綱/00_全書骨架/主線路線總稿/二十八篇因果鏈.md,篇級因果，屬大綱骨架；舊篇號待核
設定/06_待定與決策紀錄/來源存檔/JIE_TOURNAMENT_STAKES_AND_WORLD_DISCOVERY_SOURCE.md,歸檔,歸檔/討論來源/20261004_大比利益Source/JIE_TOURNAMENT_STAKES_AND_WORLD_DISCOVERY_SOURCE.md,原始 Source 與其他討論來源同處
設定/06_待定與決策紀錄/來源存檔/README.md,歸檔,歸檔/討論來源/20261004_大比利益Source/README.md,原始 Source 與其他討論來源同處
設定/06_待定與決策紀錄/修仙城市與日常提案.md,拆分,設定/01_世界格局/修仙文明/城市與日常.md＋待定與決策/提案/修仙城市與日常提案.md,精簡審查認定含已選細則唯一來源；已選細則抽入設定，未採選項留提案（需逐題核效力，最後階段做）
設定/06_待定與決策紀錄/古戰與當代陰謀因果鏈.md,搬移,設定/02_歷史背景/古戰與當代陰謀因果鏈.md,D088 已採骨架，屬歷史 Canon
設定/06_待定與決策紀錄/古法對今法提案.md,拆分,設定/01_世界格局/修仙文明/古法與今法.md＋待定與決策/提案/古法對今法提案.md,精簡審查認定含已選細則唯一來源；已選細則抽入設定，未採選項留提案（需逐題核效力，最後階段做）
設定/06_待定與決策紀錄/喪葬祖先與信仰禁忌提案.md,拆分,設定/01_世界格局/修仙文明/喪葬祖先與信仰.md＋待定與決策/提案/喪葬祖先與信仰禁忌提案.md,精簡審查認定含已選細則唯一來源；已選細則抽入設定，未採選項留提案（需逐題核效力，最後階段做）
設定/06_待定與決策紀錄/器與符提案.md,拆分,設定/01_世界格局/修仙文明/器與符.md＋待定與決策/提案/器與符提案.md,精簡審查認定含已選細則唯一來源；已選細則抽入設定，未採選項留提案（需逐題核效力，最後階段做）
設定/06_待定與決策紀錄/四路通行_時間流速v1獨立核對.md,搬移,審查/設定核對/四路通行_時間流速v1獨立核對.md,核對紀錄屬審查區
設定/06_待定與決策紀錄/失敗者世界提案.md,拆分,設定/01_世界格局/修仙文明/失敗者世界.md＋待定與決策/提案/失敗者世界提案.md,精簡審查認定含已選細則唯一來源；已選細則抽入設定，未採選項留提案（需逐題核效力，最後階段做）
設定/06_待定與決策紀錄/娛樂與酒提案.md,拆分,設定/01_世界格局/修仙文明/娛樂與酒.md＋待定與決策/提案/娛樂與酒提案.md,精簡審查認定含已選細則唯一來源；已選細則抽入設定，未採選項留提案（需逐題核效力，最後階段做）
設定/06_待定與決策紀錄/婚姻家庭師徒提案.md,拆分,設定/01_世界格局/修仙文明/婚姻家庭師徒.md＋待定與決策/提案/婚姻家庭師徒提案.md,精簡審查認定含已選細則唯一來源；已選細則抽入設定，未採選項留提案（需逐題核效力，最後階段做）
設定/06_待定與決策紀錄/宗門與天驕家底庫提案.md,拆分,設定/01_世界格局/修仙文明/宗門家底庫規格.md＋待定與決策/提案/宗門與天驕家底庫提案.md,精簡審查認定含已選細則唯一來源；已選細則抽入設定，未採選項留提案（需逐題核效力，最後階段做）
設定/06_待定與決策紀錄/待定問題.md,搬移,待定與決策/待定/待定問題.md,待定區
設定/06_待定與決策紀錄/戰鬥共同語法.md,搬移,設定/00_故事定位/寫作規則/戰鬥共同語法.md,寫手共同語法，屬寫作規則
設定/06_待定與決策紀錄/文明層路線圖.md,搬移,待定與決策/待定/文明層路線圖.md,派工路線圖
設定/06_待定與決策紀錄/普通修士的一生提案.md,拆分,設定/01_世界格局/修仙文明/普通修士的一生.md＋待定與決策/提案/普通修士的一生提案.md,精簡審查認定含已選細則唯一來源；已選細則抽入設定，未採選項留提案（需逐題核效力，最後階段做）
設定/06_待定與決策紀錄/本輪定名核對.md,搬移,審查/設定核對/本輪定名核對.md,核對紀錄屬審查區
設定/06_待定與決策紀錄/死亡與繼承提案.md,拆分,設定/01_世界格局/修仙文明/死亡與繼承.md＋待定與決策/提案/死亡與繼承提案.md,精簡審查認定含已選細則唯一來源；已選細則抽入設定，未採選項留提案（需逐題核效力，最後階段做）
設定/06_待定與決策紀錄/法律與暴力秩序提案.md,拆分,設定/01_世界格局/修仙文明/法律與暴力秩序.md＋待定與決策/提案/法律與暴力秩序提案.md,精簡審查認定含已選細則唯一來源；已選細則抽入設定，未採選項留提案（需逐題核效力，最後階段做）
設定/06_待定與決策紀錄/紙墨盤點_仙界記錄載體.md,拆分,設定/01_世界格局/修仙文明/記錄載體.md＋待定與決策/提案/紙墨盤點_仙界記錄載體.md,精簡審查認定含已選細則唯一來源；已選細則抽入設定，未採選項留提案（需逐題核效力，最後階段做）
設定/06_待定與決策紀錄/職業人口金字塔提案.md,拆分,設定/01_世界格局/修仙文明/職業人口金字塔.md＋待定與決策/提案/職業人口金字塔提案.md,精簡審查認定含已選細則唯一來源；已選細則抽入設定，未採選項留提案（需逐題核效力，最後階段做）
設定/06_待定與決策紀錄/職業樹提案.md,拆分,設定/01_世界格局/修仙文明/職業樹.md＋待定與決策/提案/職業樹提案.md,精簡審查認定含已選細則唯一來源；已選細則抽入設定，未採選項留提案（需逐題核效力，最後階段做）
設定/06_待定與決策紀錄/資訊與交通提案.md,拆分,設定/01_世界格局/修仙文明/資訊與交通.md＋待定與決策/提案/資訊與交通提案.md,精簡審查認定含已選細則唯一來源；已選細則抽入設定，未採選項留提案（需逐題核效力，最後階段做）
設定/06_待定與決策紀錄/赤翎文奕與蒼梧封寒緣由提案.md,搬移,待定與決策/提案/赤翎文奕與蒼梧封寒緣由提案.md,候選／待拍板提案，留在待定區
設定/06_待定與決策紀錄/醫療與時間提案.md,拆分,設定/01_世界格局/修仙文明/醫療與時間.md＋待定與決策/提案/醫療與時間提案.md,精簡審查認定含已選細則唯一來源；已選細則抽入設定，未採選項留提案（需逐題核效力，最後階段做）
設定/06_待定與決策紀錄/陸沉修仙武學修訂提案.md,搬移,待定與決策/提案/陸沉修仙武學修訂提案.md,候選／待拍板提案，留在待定區
設定/06_待定與決策紀錄/雙界封禁與有限通行_候選.md,搬移,待定與決策/提案/雙界封禁與有限通行_候選.md,候選／待拍板提案，留在待定區
設定/06_待定與決策紀錄/雷檔放寬條文草案.md,搬移,待定與決策/提案/雷檔放寬條文草案.md,候選／待拍板提案，留在待定區
設定/06_待定與決策紀錄/靈氣經濟學提案.md,拆分,設定/01_世界格局/修仙文明/靈氣經濟.md＋待定與決策/提案/靈氣經濟學提案.md,精簡審查認定含已選細則唯一來源；已選細則抽入設定，未採選項留提案（需逐題核效力，最後階段做）
設定/06_待定與決策紀錄/靈獸與妖族底盤提案.md,拆分,設定/01_世界格局/修仙文明/靈獸與妖族.md＋待定與決策/提案/靈獸與妖族底盤提案.md,精簡審查認定含已選細則唯一來源；已選細則抽入設定，未採選項留提案（需逐題核效力，最後階段做）
設定/README.md,保留,設定/README.md,現行設定，路徑合理
