工作卷,來源,Unicode字元含空白,Unicode字元不含空白,章位性質
1,大綱/卷篇大綱/新卷一_留舟島.md,36221,33133,1–83＋77A；冷開0另列
2,大綱/卷篇大綱/卷二_山門之上.md,5363,5062,1–21 原位
3,大綱/卷篇大綱/卷三_鎮岳老七.md,8063,7619,22–52 原位
4,大綱/卷篇大綱/卷四_兩儀雷淵.md,6709,6335,53–75 原位
5,大綱/卷篇大綱/卷五_七峰爭鳴.md,3868,3668,76–86 原位
6,大綱/卷篇大綱/卷六_萬體無我.md,2212,2126,沒有逐章表；事件段落
7,大綱/卷篇大綱/卷七_東溟行.md,1739,1661,沒有逐章表；事件段落
8,大綱/卷篇大綱/卷八_百宗盟試.md,1535,1464,沒有逐章表；事件段落
9,大綱/卷篇大綱/卷九_東溟天城.md,1160,1110,沒有逐章表；事件段落
10,大綱/卷篇大綱/新卷五_往中神州.md,6742,6020,沒有逐章表；事件段落
11,大綱/卷篇大綱/卷十一_神州東境.md,1791,1721,沒有逐章表；事件段落
12,大綱/卷篇大綱/卷十二_五域前夜.md,1353,1300,沒有逐章表；事件段落
13,大綱/卷篇大綱/卷十三_五域大比.md,1217,1165,沒有逐章表；事件段落
14,大綱/卷篇大綱/卷十四_震魂.md,1876,1807,沒有逐章表；事件段落
15,大綱/卷篇大綱/卷十五_入院.md,1377,1316,沒有逐章表；事件段落
16,大綱/卷篇大綱/卷十六_登天塔.md,1025,981,沒有逐章表；事件段落
17,大綱/卷篇大綱/卷十七_天域行.md,1328,1271,沒有逐章表；事件段落
18,大綱/卷篇大綱/卷十八_越界.md,1178,1124,沒有逐章表；事件段落
19,大綱/卷篇大綱/卷十九_歸山.md,1244,1191,沒有逐章表；事件段落
