原路徑,原位元組,本輪處置,理由,新位置
設定/00_故事定位/AI團隊競爭創作規約.md,5265,保留,仍有獨立人物、世界、修行、歷史或敘事用途；本輪不刪內容,
設定/00_故事定位/README.md,8486,保留,仍有獨立人物、世界、修行、歷史或敘事用途；本輪不刪內容,
設定/00_故事定位/仙不必閉環_WriterRule.md,11760,保留,仍有獨立人物、世界、修行、歷史或敘事用途；本輪不刪內容,
設定/00_故事定位/仙人生活不可凡人換皮_WriterRule.md,2477,保留,仍有獨立人物、世界、修行、歷史或敘事用途；本輪不刪內容,
設定/00_故事定位/仙人視角守則.md,6883,保留,仍有獨立人物、世界、修行、歷史或敘事用途；本輪不刪內容,
設定/00_故事定位/修仙文明底層規格.md,50955,保留,仍有獨立人物、世界、修行、歷史或敘事用途；本輪不刪內容,
設定/00_故事定位/情緒債與清算_WriterRule.md,3821,保留,仍有獨立人物、世界、修行、歷史或敘事用途；本輪不刪內容,
設定/00_故事定位/禁止解釋清單_WriterRule.md,4929,保留,仍有獨立人物、世界、修行、歷史或敘事用途；本輪不刪內容,
設定/01_世界格局/README.md,8057,保留,仍有獨立人物、世界、修行、歷史或敘事用途；本輪不刪內容,
設定/01_世界格局/三十二天.md,2821,保留,仍有獨立人物、世界、修行、歷史或敘事用途；本輪不刪內容,
設定/01_世界格局/下方層域.md,1170,保留,仍有獨立人物、世界、修行、歷史或敘事用途；本輪不刪內容,
設定/01_世界格局/九界共通神識天地.md,4191,保留,仍有獨立人物、世界、修行、歷史或敘事用途；本輪不刪內容,
設定/01_世界格局/九界界潮與界槎.md,1149,保留,仍有獨立人物、世界、修行、歷史或敘事用途；本輪不刪內容,
設定/01_世界格局/九界與陸沉故土.md,11367,保留,仍有獨立人物、世界、修行、歷史或敘事用途；本輪不刪內容,
設定/01_世界格局/五域/五域特殊族群分布.md,8458,保留,仍有獨立人物、世界、修行、歷史或敘事用途；本輪不刪內容,
設定/01_世界格局/五域/北天宗派與天驕.md,7395,保留,仍有獨立人物、世界、修行、歷史或敘事用途；本輪不刪內容,
設定/01_世界格局/五域/南荒宗派與天驕.md,9047,保留,仍有獨立人物、世界、修行、歷史或敘事用途；本輪不刪內容,
設定/01_世界格局/五域/西極宗派與天驕.md,5166,保留,仍有獨立人物、世界、修行、歷史或敘事用途；本輪不刪內容,
設定/01_世界格局/仙庭對峙場景壓測.md,9005,保留,仍有獨立人物、世界、修行、歷史或敘事用途；本輪不刪內容,
設定/01_世界格局/仙庭與王庭權力根基.md,17723,保留,仍有獨立人物、世界、修行、歷史或敘事用途；本輪不刪內容,
設定/01_世界格局/修士經濟.md,6527,保留,仍有獨立人物、世界、修行、歷史或敘事用途；本輪不刪內容,
設定/01_世界格局/劫故土六域與太玄宗.md,3975,保留,仍有獨立人物、世界、修行、歷史或敘事用途；本輪不刪內容,
設定/01_世界格局/勢力/三十二天勢力總表.md,16482,保留,檢索索引；日常只按需要查分檔，不整庫載入,
設定/01_世界格局/勢力/三家王庭與量水山.md,1000,保留,仍有獨立人物、世界、修行、歷史或敘事用途；本輪不刪內容,
設定/01_世界格局/勢力/上無極勢力.md,7537,保留,仍有獨立人物、世界、修行、歷史或敘事用途；本輪不刪內容,
設定/01_世界格局/勢力/下無極勢力.md,8668,保留,仍有獨立人物、世界、修行、歷史或敘事用途；本輪不刪內容,
設定/01_世界格局/勢力/其他八界/README.md,8947,保留,仍有獨立人物、世界、修行、歷史或敘事用途；本輪不刪內容,
設定/01_世界格局/勢力/其他八界/凌汛界.md,4267,保留,仍有獨立人物、世界、修行、歷史或敘事用途；本輪不刪內容,
設定/01_世界格局/勢力/其他八界/千根界.md,3335,保留,仍有獨立人物、世界、修行、歷史或敘事用途；本輪不刪內容,
設定/01_世界格局/勢力/其他八界/懸岳界.md,3362,保留,仍有獨立人物、世界、修行、歷史或敘事用途；本輪不刪內容,
設定/01_世界格局/勢力/其他八界/昏曉界.md,3413,保留,仍有獨立人物、世界、修行、歷史或敘事用途；本輪不刪內容,
設定/01_世界格局/勢力/其他八界/望歸界.md,6359,保留,仍有獨立人物、世界、修行、歷史或敘事用途；本輪不刪內容,
設定/01_世界格局/勢力/其他八界/蒹葭界.md,3523,保留,仍有獨立人物、世界、修行、歷史或敘事用途；本輪不刪內容,
設定/01_世界格局/勢力/其他八界/霜明界.md,4260,保留,仍有獨立人物、世界、修行、歷史或敘事用途；本輪不刪內容,
設定/01_世界格局/勢力/其他八界/驤鳴界.md,5898,保留,仍有獨立人物、世界、修行、歷史或敘事用途；本輪不刪內容,
設定/01_世界格局/勢力/劫故土六域頂級勢力.md,13366,保留,仍有獨立人物、世界、修行、歷史或敘事用途；本輪不刪內容,
設定/01_世界格局/勢力/十八王庭.md,18276,保留,仍有獨立人物、世界、修行、歷史或敘事用途；本輪不刪內容,
設定/01_世界格局/勢力/各界反派/README.md,14613,保留,仍有獨立人物、世界、修行、歷史或敘事用途；本輪不刪內容,
設定/01_世界格局/勢力/各界反派/上界.md,4921,保留,仍有獨立人物、世界、修行、歷史或敘事用途；本輪不刪內容,
設定/01_世界格局/勢力/各界反派/其他八界.md,7392,保留,仍有獨立人物、世界、修行、歷史或敘事用途；本輪不刪內容,
設定/01_世界格局/勢力/各界反派/陸沉故土.md,9299,保留,仍有獨立人物、世界、修行、歷史或敘事用途；本輪不刪內容,
設定/01_世界格局/勢力/大羅仙庭與仙帝道場.md,12901,保留,仍有獨立人物、世界、修行、歷史或敘事用途；本輪不刪內容,
設定/01_世界格局/勢力/太玄宗/README.md,12111,保留,仍有獨立人物、世界、修行、歷史或敘事用途；本輪不刪內容,
設定/01_世界格局/勢力/太玄宗/主峰與共同教習.md,1344,保留,仍有獨立人物、世界、修行、歷史或敘事用途；本輪不刪內容,
設定/01_世界格局/勢力/太玄宗/九霄峰.md,1165,保留,仍有獨立人物、世界、修行、歷史或敘事用途；本輪不刪內容,
設定/01_世界格局/勢力/太玄宗/問劍峰.md,2240,保留,仍有獨立人物、世界、修行、歷史或敘事用途；本輪不刪內容,
設定/01_世界格局/勢力/太玄宗/碧梧峰.md,1803,保留,仍有獨立人物、世界、修行、歷史或敘事用途；本輪不刪內容,
設定/01_世界格局/勢力/太玄宗/藏玄峰.md,922,保留,仍有獨立人物、世界、修行、歷史或敘事用途；本輪不刪內容,
設定/01_世界格局/勢力/太玄宗/觀心峰.md,1216,保留,仍有獨立人物、世界、修行、歷史或敘事用途；本輪不刪內容,
設定/01_世界格局/勢力/太玄宗/赤霞峰.md,1254,保留,仍有獨立人物、世界、修行、歷史或敘事用途；本輪不刪內容,
設定/01_世界格局/勢力/太玄宗/鎮岳峰.md,4295,保留,仍有獨立人物、世界、修行、歷史或敘事用途；本輪不刪內容,
設定/01_世界格局/勢力/家底卡/README.md,5130,保留,仍有獨立人物、世界、修行、歷史或敘事用途；本輪不刪內容,
設定/01_世界格局/勢力/家底卡/上無極.md,23857,保留,仍有獨立人物、世界、修行、歷史或敘事用途；本輪不刪內容,
設定/01_世界格局/勢力/家底卡/下無極.md,16569,保留,仍有獨立人物、世界、修行、歷史或敘事用途；本輪不刪內容,
設定/01_世界格局/勢力/家底卡/其他八界.md,5593,保留,仍有獨立人物、世界、修行、歷史或敘事用途；本輪不刪內容,
設定/01_世界格局/勢力/家底卡/東溟三大宗.md,19292,保留,仍有獨立人物、世界、修行、歷史或敘事用途；本輪不刪內容,
設定/01_世界格局/勢力/家底卡/規模口徑提案.md,7726,保留,仍有未定選項或獨有細則；檔名不是可刪證據,
設定/01_世界格局/勢力/家底卡/跨層_玉壺天與同歸會.md,19462,保留,仍有獨立人物、世界、修行、歷史或敘事用途；本輪不刪內容,
設定/01_世界格局/勢力/家底卡/長亭天_中神州.md,15904,保留,仍有獨立人物、世界、修行、歷史或敘事用途；本輪不刪內容,
設定/01_世界格局/勢力/家底卡/長亭天_南荒北天東溟.md,14433,保留,仍有獨立人物、世界、修行、歷史或敘事用途；本輪不刪內容,
設定/01_世界格局/勢力/家底卡/長亭天_西極.md,19730,保留,仍有獨立人物、世界、修行、歷史或敘事用途；本輪不刪內容,
設定/01_世界格局/勢力/朔河王庭.md,2318,保留,仍有獨立人物、世界、修行、歷史或敘事用途；本輪不刪內容,
設定/01_世界格局/勢力/歸一派.md,18487,保留,仍有獨立人物、世界、修行、歷史或敘事用途；本輪不刪內容,
設定/01_世界格局/勢力/玄闕王庭.md,2553,保留,仍有獨立人物、世界、修行、歷史或敘事用途；本輪不刪內容,
設定/01_世界格局/勢力/玉壺天.md,17078,保留,仍有獨立人物、世界、修行、歷史或敘事用途；本輪不刪內容,
設定/01_世界格局/勢力/量水山.md,1318,保留,仍有獨立人物、世界、修行、歷史或敘事用途；本輪不刪內容,
設定/01_世界格局/勢力/長離王庭.md,2411,保留,仍有獨立人物、世界、修行、歷史或敘事用途；本輪不刪內容,
設定/01_世界格局/天域四大書院.md,2517,保留,仍有獨立人物、世界、修行、歷史或敘事用途；本輪不刪內容,
設定/01_世界格局/天域與跨域秩序.md,1055,保留,仍有獨立人物、世界、修行、歷史或敘事用途；本輪不刪內容,
設定/01_世界格局/機構與跨界交通.md,14166,保留,仍有獨立人物、世界、修行、歷史或敘事用途；本輪不刪內容,
設定/01_世界格局/聖土/人物/00_勢力總表.md,118038,保留,檢索索引；日常只按需要查分檔，不整庫載入,
設定/01_世界格局/聖土/人物/01_維拉丁劍廷與中央高地.md,12265,保留,仍有獨立人物、世界、修行、歷史或敘事用途；本輪不刪內容,
設定/01_世界格局/聖土/人物/02_伊爾瓦魂院與德雷凡.md,12852,保留,仍有獨立人物、世界、修行、歷史或敘事用途；本輪不刪內容,
設定/01_世界格局/聖土/人物/03_卡洛陣會與奧德米爾.md,14076,保留,仍有獨立人物、世界、修行、歷史或敘事用途；本輪不刪內容,
設定/01_世界格局/聖土/人物/04_守港修會與撫恤冊籍.md,17256,保留,仍有獨立人物、世界、修行、歷史或敘事用途；本輪不刪內容,
設定/01_世界格局/聖土/人物/05_蒸瓶公會.md,14447,保留,仍有獨立人物、世界、修行、歷史或敘事用途；本輪不刪內容,
設定/01_世界格局/聖土/人物/06_赫爾家與城盟諸家.md,12815,保留,仍有獨立人物、世界、修行、歷史或敘事用途；本輪不刪內容,
設定/01_世界格局/聖土/人物/07_佩魯書院與城盟諸會.md,10369,保留,仍有獨立人物、世界、修行、歷史或敘事用途；本輪不刪內容,
設定/01_世界格局/聖土/人物/08_錘廳契約廳與商路.md,9284,保留,仍有獨立人物、世界、修行、歷史或敘事用途；本輪不刪內容,
設定/01_世界格局/聖土/人物/09_奧斯馬克鍛廳與奧斯崔斯.md,16493,保留,仍有獨立人物、世界、修行、歷史或敘事用途；本輪不刪內容,
設定/01_世界格局/聖土/人物/10_邊地西段：烏爾溫家與雷望衛.md,26654,保留,仍有獨立人物、世界、修行、歷史或敘事用途；本輪不刪內容,
設定/01_世界格局/聖土/人物/11_邊地東南與灰洋焦沙.md,15170,保留,仍有獨立人物、世界、修行、歷史或敘事用途；本輪不刪內容,
設定/01_世界格局/聖土/人物/12_散修與雜職.md,15383,保留,仍有獨立人物、世界、修行、歷史或敘事用途；本輪不刪內容,
設定/01_世界格局/聖土/人物/13_化形魔獸.md,11758,保留,仍有獨立人物、世界、修行、歷史或敘事用途；本輪不刪內容,
設定/01_世界格局/聖土/人物/14_陸沉會遇到的人.md,40584,保留,仍有獨立人物、世界、修行、歷史或敘事用途；本輪不刪內容,
設定/01_世界格局/聖土/人物/15_城盟諸城與中心行當.md,13367,保留,仍有獨立人物、世界、修行、歷史或敘事用途；本輪不刪內容,
設定/01_世界格局/聖土/人物/16_中心東西北三流.md,14832,保留,仍有獨立人物、世界、修行、歷史或敘事用途；本輪不刪內容,
設定/01_世界格局/聖土/人物/17_邊地城席與本土宗門.md,13348,保留,仍有獨立人物、世界、修行、歷史或敘事用途；本輪不刪內容,
設定/01_世界格局/聖土/人物/18_外圍與獸嶺補增.md,6157,保留,仍有獨立人物、世界、修行、歷史或敘事用途；本輪不刪內容,
設定/01_世界格局/聖土/人物/20_尼倫斯西半.md,28531,保留,仍有獨立人物、世界、修行、歷史或敘事用途；本輪不刪內容,
設定/01_世界格局/聖土/人物/21_尼倫斯東半與長脊.md,20427,保留,仍有獨立人物、世界、修行、歷史或敘事用途；本輪不刪內容,
設定/01_世界格局/聖土/人物/22_努瓦羅引火帶與河口.md,21843,保留,仍有獨立人物、世界、修行、歷史或敘事用途；本輪不刪內容,
設定/01_世界格局/聖土/人物/23_努瓦羅纏林與林約家.md,19395,保留,仍有獨立人物、世界、修行、歷史或敘事用途；本輪不刪內容,
設定/01_世界格局/聖土/人物/24_茵布瑞.md,25138,保留,仍有獨立人物、世界、修行、歷史或敘事用途；本輪不刪內容,
設定/01_世界格局/聖土/人物/25_廷德拉.md,22734,保留,仍有獨立人物、世界、修行、歷史或敘事用途；本輪不刪內容,
設定/01_世界格局/聖土/人物/26_踏石群島與無主海.md,21340,保留,仍有獨立人物、世界、修行、歷史或敘事用途；本輪不刪內容,
設定/01_世界格局/聖土/人物/27_諸洲頂層索引.md,17602,保留,仍有獨立人物、世界、修行、歷史或敘事用途；本輪不刪內容,
設定/01_世界格局/聖土/人物/28_同代女天驕.md,28680,保留,仍有獨立人物、世界、修行、歷史或敘事用途；本輪不刪內容,
設定/01_世界格局/聖土/人物/29_各洲反派.md,126556,保留,仍有獨立人物、世界、修行、歷史或敘事用途；本輪不刪內容,
設定/01_世界格局/聖土/人物/30_跨兩界網絡與聯手.md,54200,保留,仍有獨立人物、世界、修行、歷史或敘事用途；本輪不刪內容,
設定/01_世界格局/聖土/人物/99_總名冊.md,62461,保留,檢索索引；日常只按需要查分檔，不整庫載入,
設定/01_世界格局/聖土/古戰與兩界衝突.md,24770,保留,仍有獨立人物、世界、修行、歷史或敘事用途；本輪不刪內容,
設定/01_世界格局/聖土/地理勢力與撫恤.md,16679,保留,仍有獨立人物、世界、修行、歷史或敘事用途；本輪不刪內容,
設定/01_世界格局/聖土/境界對照與跨界.md,81918,保留,仍有獨立人物、世界、修行、歷史或敘事用途；本輪不刪內容,
設定/01_世界格局/聖土/家底卡/README.md,3031,保留,仍有獨立人物、世界、修行、歷史或敘事用途；本輪不刪內容,
設定/01_世界格局/聖土/家底卡/伊爾瓦魂院.md,16141,保留,仍有獨立人物、世界、修行、歷史或敘事用途；本輪不刪內容,
設定/01_世界格局/聖土/家底卡/卡洛陣會.md,18947,保留,仍有獨立人物、世界、修行、歷史或敘事用途；本輪不刪內容,
設定/01_世界格局/聖土/家底卡/奧斯馬克鍛廳.md,20782,保留,仍有獨立人物、世界、修行、歷史或敘事用途；本輪不刪內容,
設定/01_世界格局/聖土/家底卡/守港修會.md,25659,保留,仍有獨立人物、世界、修行、歷史或敘事用途；本輪不刪內容,
設定/01_世界格局/聖土/家底卡/布雷肯獸欄會.md,22312,保留,仍有獨立人物、世界、修行、歷史或敘事用途；本輪不刪內容,
設定/01_世界格局/聖土/家底卡/維拉丁劍廷.md,22895,保留,仍有獨立人物、世界、修行、歷史或敘事用途；本輪不刪內容,
設定/01_世界格局/聖土/家底卡/蒸瓶公會.md,25533,保留,仍有獨立人物、世界、修行、歷史或敘事用途；本輪不刪內容,
設定/01_世界格局/聖土/家底卡/薩內爾翼會.md,22248,保留,仍有獨立人物、世界、修行、歷史或敘事用途；本輪不刪內容,
設定/01_世界格局/聖土/家底卡/赫爾家.md,26327,保留,仍有獨立人物、世界、修行、歷史或敘事用途；本輪不刪內容,
設定/01_世界格局/聖土/家底卡/雷望衛.md,25166,保留,仍有獨立人物、世界、修行、歷史或敘事用途；本輪不刪內容,
設定/01_世界格局/聖土/家底庫補遺_聖土天驕.md,9483,保留,仍有獨立人物、世界、修行、歷史或敘事用途；本輪不刪內容,
設定/01_世界格局/聖土/屋頂之帳.md,12483,保留,仍有獨立人物、世界、修行、歷史或敘事用途；本輪不刪內容,
設定/01_世界格局/聖土/改名提案_回瀾與四會鬥技.md,13078,保留,仍有未定選項或獨有細則；檔名不是可刪證據,
設定/01_世界格局/聖土/界潮奇觀_縫雷與走潮者.md,15612,保留,仍有獨立人物、世界、修行、歷史或敘事用途；本輪不刪內容,
設定/01_世界格局/聖土/當代人物.md,73003,保留,仍有獨立人物、世界、修行、歷史或敘事用途；本輪不刪內容,
設定/01_世界格局/聖土/當代勢力.md,40972,保留,仍有獨立人物、世界、修行、歷史或敘事用途；本輪不刪內容,
設定/01_世界格局/聖土/當代地理.md,29719,保留,仍有獨立人物、世界、修行、歷史或敘事用途；本輪不刪內容,
設定/01_世界格局/聖土/當代地理_諸洲.md,27643,保留,仍有獨立人物、世界、修行、歷史或敘事用途；本輪不刪內容,
設定/01_世界格局/聖土/當代榜單.md,31471,保留,仍有獨立人物、世界、修行、歷史或敘事用途；本輪不刪內容,
設定/01_世界格局/聖土/當代生活.md,35253,保留,仍有獨立人物、世界、修行、歷史或敘事用途；本輪不刪內容,
設定/01_世界格局/聖土/聖土人的一生提案.md,19823,保留,仍有未定選項或獨有細則；檔名不是可刪證據,
設定/01_世界格局/聖土/聖土天地經濟提案.md,16655,保留,仍有未定選項或獨有細則；檔名不是可刪證據,
設定/01_世界格局/聖土/聖土法律與暴力秩序提案.md,20325,保留,仍有未定選項或獨有細則；檔名不是可刪證據,
設定/01_世界格局/聖土/聖土職業樹與城市日常提案.md,18715,保留,仍有未定選項或獨有細則；檔名不是可刪證據,
設定/01_世界格局/聖土/聖土資訊網提案.md,17821,保留,仍有未定選項或獨有細則；檔名不是可刪證據,
設定/01_世界格局/聖土/聖土遺跡洞府禁區提案.md,40062,保留,仍有未定選項或獨有細則；檔名不是可刪證據,
設定/01_世界格局/聖土/落潮一年事件骨架.md,60275,移出現行設定，歷史歸檔,旧首訪八人同落及固定死亡、返程與決裂接口已被作者重排覆蓋,歸檔/設定歷史/20261008/01_世界格局/聖土/落潮一年事件骨架.md
設定/01_世界格局/聖土/陸沉首入聖土.md,41371,保留,仍有獨立人物、世界、修行、歷史或敘事用途；本輪不刪內容,
設定/01_世界格局/聖土/雷與火.md,18876,保留,仍有獨立人物、世界、修行、歷史或敘事用途；本輪不刪內容,
設定/01_世界格局/聖土/靈魂術與證據.md,31100,保留,仍有獨立人物、世界、修行、歷史或敘事用途；本輪不刪內容,
設定/01_世界格局/諸神聖土.md,25236,保留,仍有獨立人物、世界、修行、歷史或敘事用途；本輪不刪內容,
設定/02_歷史背景/README.md,3527,保留,仍有獨立人物、世界、修行、歷史或敘事用途；本輪不刪內容,
設定/02_歷史背景/作者真相與各方記憶.md,1255,保留,仍有獨立人物、世界、修行、歷史或敘事用途；本輪不刪內容,
設定/02_歷史背景/古戰因果與責任.md,2307,保留,仍有獨立人物、世界、修行、歷史或敘事用途；本輪不刪內容,
設定/03_人物設定/README.md,8532,保留,仍有獨立人物、世界、修行、歷史或敘事用途；本輪不刪內容,
設定/03_人物設定/三十二天/上無極人物.md,3797,保留,仍有獨立人物、世界、修行、歷史或敘事用途；本輪不刪內容,
設定/03_人物設定/三十二天/下無極人物.md,5493,保留,仍有獨立人物、世界、修行、歷史或敘事用途；本輪不刪內容,
設定/03_人物設定/三十二天/其餘九庭人物.md,9326,保留,仍有獨立人物、世界、修行、歷史或敘事用途；本輪不刪內容,
設定/03_人物設定/三十二天/受創九庭人物.md,10446,保留,仍有獨立人物、世界、修行、歷史或敘事用途；本輪不刪內容,
設定/03_人物設定/三十二天/同歸會人物.md,5820,保留,仍有獨立人物、世界、修行、歷史或敘事用途；本輪不刪內容,
設定/03_人物設定/三十二天/大羅仙庭與仙帝道場人物.md,8196,保留,仍有獨立人物、世界、修行、歷史或敘事用途；本輪不刪內容,
設定/03_人物設定/三十二天/故土六域人物.md,12025,保留,仍有獨立人物、世界、修行、歷史或敘事用途；本輪不刪內容,
設定/03_人物設定/三十二天/玉壺天人物.md,5680,保留,仍有獨立人物、世界、修行、歷史或敘事用途；本輪不刪內容,
設定/03_人物設定/三十二天/第二層_行路人.md,5844,保留,仍有獨立人物、世界、修行、歷史或敘事用途；本輪不刪內容,
設定/03_人物設定/三十二天人物總名冊.md,29493,保留,檢索索引；日常只按需要查分檔，不整庫載入,
設定/03_人物設定/下界天驕/北天/石聞川.md,1710,保留,仍有獨立人物、世界、修行、歷史或敘事用途；本輪不刪內容,
設定/03_人物設定/下界天驕/北天/蘇映真.md,2653,保留,仍有獨立人物、世界、修行、歷史或敘事用途；本輪不刪內容,
設定/03_人物設定/下界天驕/北天/裴雁回.md,1821,保留,仍有獨立人物、世界、修行、歷史或敘事用途；本輪不刪內容,
設定/03_人物設定/下界天驕/北天/顧星遲.md,2846,保留,仍有獨立人物、世界、修行、歷史或敘事用途；本輪不刪內容,
設定/03_人物設定/下界天驕/北天/黎見昕.md,2061,保留,仍有獨立人物、世界、修行、歷史或敘事用途；本輪不刪內容,
設定/03_人物設定/下界天驕/南荒/俞清漪.md,2413,保留,仍有獨立人物、世界、修行、歷史或敘事用途；本輪不刪內容,
設定/03_人物設定/下界天驕/南荒/寧枕微.md,2461,保留,仍有獨立人物、世界、修行、歷史或敘事用途；本輪不刪內容,
設定/03_人物設定/下界天驕/南荒/桑遲.md,2391,保留,仍有獨立人物、世界、修行、歷史或敘事用途；本輪不刪內容,
設定/03_人物設定/下界天驕/南荒/烏照夜.md,2736,保留,仍有獨立人物、世界、修行、歷史或敘事用途；本輪不刪內容,
設定/03_人物設定/下界天驕/南荒/紀南舟.md,1609,保留,仍有獨立人物、世界、修行、歷史或敘事用途；本輪不刪內容,
設定/03_人物設定/下界天驕/西極/宋明川.md,1555,保留,仍有獨立人物、世界、修行、歷史或敘事用途；本輪不刪內容,
設定/03_人物設定/下界天驕/西極/明定.md,1392,保留,仍有獨立人物、世界、修行、歷史或敘事用途；本輪不刪內容,
設定/03_人物設定/下界天驕/西極/程燁.md,1024,保留,仍有獨立人物、世界、修行、歷史或敘事用途；本輪不刪內容,
設定/03_人物設定/下界天驕/西極/賀凌川.md,975,保留,仍有獨立人物、世界、修行、歷史或敘事用途；本輪不刪內容,
設定/03_人物設定/下界天驕/西極/路開陽.md,2135,保留,仍有獨立人物、世界、修行、歷史或敘事用途；本輪不刪內容,
設定/03_人物設定/主角群/文奕.md,19255,保留,仍有獨立人物、世界、修行、歷史或敘事用途；本輪不刪內容,
設定/03_人物設定/主角群/洛生衣.md,12210,保留,仍有獨立人物、世界、修行、歷史或敘事用途；本輪不刪內容,
設定/03_人物設定/人物檔案寫法.md,806,保留,仍有獨立人物、世界、修行、歷史或敘事用途；本輪不刪內容,
設定/03_人物設定/人物關係.md,8837,保留,仍有獨立人物、世界、修行、歷史或敘事用途；本輪不刪內容,
設定/03_人物設定/其他八界/README.md,1078,保留,仍有獨立人物、世界、修行、歷史或敘事用途；本輪不刪內容,
設定/03_人物設定/其他八界/凌汛界人物.md,2346,保留,仍有獨立人物、世界、修行、歷史或敘事用途；本輪不刪內容,
設定/03_人物設定/其他八界/千根界人物.md,1850,保留,仍有獨立人物、世界、修行、歷史或敘事用途；本輪不刪內容,
設定/03_人物設定/其他八界/懸岳界人物.md,1698,保留,仍有獨立人物、世界、修行、歷史或敘事用途；本輪不刪內容,
設定/03_人物設定/其他八界/昏曉界人物.md,2115,保留,仍有獨立人物、世界、修行、歷史或敘事用途；本輪不刪內容,
設定/03_人物設定/其他八界/望歸界人物.md,2765,保留,仍有獨立人物、世界、修行、歷史或敘事用途；本輪不刪內容,
設定/03_人物設定/其他八界/蒹葭界人物.md,1907,保留,仍有獨立人物、世界、修行、歷史或敘事用途；本輪不刪內容,
設定/03_人物設定/其他八界/霜明界人物.md,1674,保留,仍有獨立人物、世界、修行、歷史或敘事用途；本輪不刪內容,
設定/03_人物設定/其他八界/驤鳴界人物.md,1896,保留,仍有獨立人物、世界、修行、歷史或敘事用途；本輪不刪內容,
設定/03_人物設定/古代人物/厲文恪_長離王庭上古同謀.md,1461,保留,仍有獨立人物、世界、修行、歷史或敘事用途；本輪不刪內容,
設定/03_人物設定/古代人物/商玄度_玄闕王庭上古同謀.md,1535,保留,仍有獨立人物、世界、修行、歷史或敘事用途；本輪不刪內容,
設定/03_人物設定/古代人物/烏蘅_異域公主.md,2787,保留,仍有獨立人物、世界、修行、歷史或敘事用途；本輪不刪內容,
設定/03_人物設定/古代人物/王庭上古同謀.md,1233,保留,仍有獨立人物、世界、修行、歷史或敘事用途；本輪不刪內容,
設定/03_人物設定/古代人物/祁宗岳_太宸仙帝.md,5027,保留,仍有獨立人物、世界、修行、歷史或敘事用途；本輪不刪內容,
設定/03_人物設定/古代人物/祁承晏_仙帝長子.md,2763,保留,仍有獨立人物、世界、修行、歷史或敘事用途；本輪不刪內容,
設定/03_人物設定/古代人物/祁承朔_心機皇子.md,2362,保留,仍有獨立人物、世界、修行、歷史或敘事用途；本輪不刪內容,
設定/03_人物設定/同代女天驕群像.md,24256,保留,仍有獨立人物、世界、修行、歷史或敘事用途；本輪不刪內容,
設定/03_人物設定/太玄宗/九霄峰/青璃.md,4535,保留,仍有獨立人物、世界、修行、歷史或敘事用途；本輪不刪內容,
設定/03_人物設定/太玄宗/宗主與峰主提案.md,3696,保留,仍有未定選項或獨有細則；檔名不是可刪證據,
設定/03_人物設定/太玄宗/鎮岳峰/README.md,1559,保留,仍有獨立人物、世界、修行、歷史或敘事用途；本輪不刪內容,
設定/03_人物設定/太玄宗/鎮岳峰/岳沉淵.md,6133,保留,仍有獨立人物、世界、修行、歷史或敘事用途；本輪不刪內容,
設定/03_人物設定/太玄宗/鎮岳峰/柳青藤.md,5663,保留,仍有獨立人物、世界、修行、歷史或敘事用途；本輪不刪內容,
設定/03_人物設定/太玄宗/鎮岳峰/沈山河.md,6274,保留,仍有獨立人物、世界、修行、歷史或敘事用途；本輪不刪內容,
設定/03_人物設定/太玄宗/鎮岳峰/沿用核對.md,2716,保留,仍有獨立人物、世界、修行、歷史或敘事用途；本輪不刪內容,
設定/03_人物設定/太玄宗/鎮岳峰/秦照雪.md,5900,保留,仍有獨立人物、世界、修行、歷史或敘事用途；本輪不刪內容,
設定/03_人物設定/太玄宗/鎮岳峰/陸行烈.md,5384,保留,仍有獨立人物、世界、修行、歷史或敘事用途；本輪不刪內容,
設定/03_人物設定/太玄宗/鎮岳峰/韓鐵衣.md,4997,保留,仍有獨立人物、世界、修行、歷史或敘事用途；本輪不刪內容,
設定/03_人物設定/太玄宗/鎮岳峰/顧小滿.md,5219,保留,仍有獨立人物、世界、修行、歷史或敘事用途；本輪不刪內容,
設定/03_人物設定/待沿用人物與素材.md,4546,保留,仍有獨立人物、世界、修行、歷史或敘事用途；本輪不刪內容,
設定/03_人物設定/本輪人物與修行定名.md,3702,保留,仍有獨立人物、世界、修行、歷史或敘事用途；本輪不刪內容,
設定/03_人物設定/核心三人/封寒.md,22587,保留,仍有獨立人物、世界、修行、歷史或敘事用途；本輪不刪內容,
設定/03_人物設定/核心三人/陸沉.md,26093,保留,仍有獨立人物、世界、修行、歷史或敘事用途；本輪不刪內容,
設定/03_人物設定/核心三人/雲行.md,16864,保留,仍有獨立人物、世界、修行、歷史或敘事用途；本輪不刪內容,
設定/03_人物設定/核心感情線節點.md,6783,保留,仍有獨立人物、世界、修行、歷史或敘事用途；本輪不刪內容,
設定/03_人物設定/當代人物/商應璋_玄闕王庭聖子.md,3873,保留,仍有獨立人物、世界、修行、歷史或敘事用途；本輪不刪內容,
設定/03_人物設定/當代人物/岑越_朔河王庭聖子.md,4369,保留,仍有獨立人物、世界、修行、歷史或敘事用途；本輪不刪內容,
設定/03_人物設定/當代人物/溫棠_調查女子.md,4751,保留,仍有獨立人物、世界、修行、歷史或敘事用途；本輪不刪內容,
設定/03_人物設定/當代人物/聞人錦_知己試探者.md,10678,保留,仍有獨立人物、世界、修行、歷史或敘事用途；本輪不刪內容,
設定/03_人物設定/當代人物/裴照川_英雄前輩.md,5499,保留,仍有獨立人物、世界、修行、歷史或敘事用途；本輪不刪內容,
設定/03_人物設定/當代人物/許成蹊_溫棠同門師弟.md,1664,保留,仍有獨立人物、世界、修行、歷史或敘事用途；本輪不刪內容,
設定/03_人物設定/當代人物/辛未雨_察變署主事.md,5263,保留,仍有獨立人物、世界、修行、歷史或敘事用途；本輪不刪內容,
設定/03_人物設定/當代人物/閣老.md,2248,保留,仍有獨立人物、世界、修行、歷史或敘事用途；本輪不刪內容,
設定/04_修行與特殊事物/README.md,2860,保留,仍有獨立人物、世界、修行、歷史或敘事用途；本輪不刪內容,
設定/04_修行與特殊事物/丹道/丹藥與雷煉丹.md,6542,保留,仍有獨立人物、世界、修行、歷史或敘事用途；本輪不刪內容,
設定/04_修行與特殊事物/丹道/煉丹閣任事制度.md,3871,保留,仍有獨立人物、世界、修行、歷史或敘事用途；本輪不刪內容,
設定/04_修行與特殊事物/主角群武學譜.md,128157,保留,仍有獨立人物、世界、修行、歷史或敘事用途；本輪不刪內容,
設定/04_修行與特殊事物/修士遺痕與後手.md,43622,保留,仍有獨立人物、世界、修行、歷史或敘事用途；本輪不刪內容,
設定/04_修行與特殊事物/修士邏輯基準.md,12734,保留,仍有獨立人物、世界、修行、歷史或敘事用途；本輪不刪內容,
設定/04_修行與特殊事物/修行與世界規則.md,802,保留,仍有獨立人物、世界、修行、歷史或敘事用途；本輪不刪內容,
設定/04_修行與特殊事物/功法與招式/配角招式總錄.md,10681,保留,仍有獨立人物、世界、修行、歷史或敘事用途；本輪不刪內容,
設定/04_修行與特殊事物/劫厄與旅途同行者.md,40160,保留,仍有獨立人物、世界、修行、歷史或敘事用途；本輪不刪內容,
設定/04_修行與特殊事物/厄與四伴星.md,571,移除轉址空殼,所有Markdown連結已改指現行同行者檔,設定/04_修行與特殊事物/劫厄與旅途同行者.md
設定/04_修行與特殊事物/境界/人物境界對照.md,2581,保留,仍有獨立人物、世界、修行、歷史或敘事用途；本輪不刪內容,
設定/04_修行與特殊事物/境界/境界與能力尺度.md,25382,保留,仍有獨立人物、世界、修行、歷史或敘事用途；本輪不刪內容,
設定/04_修行與特殊事物/太玄命圖.md,13499,保留,仍有獨立人物、世界、修行、歷史或敘事用途；本輪不刪內容,
設定/04_修行與特殊事物/寶物/品階與使用規則.md,7693,保留,仍有獨立人物、世界、修行、歷史或敘事用途；本輪不刪內容,
設定/04_修行與特殊事物/寶物/寶物總錄.md,8504,保留,仍有獨立人物、世界、修行、歷史或敘事用途；本輪不刪內容,
設定/04_修行與特殊事物/指骨.md,5318,保留,仍有獨立人物、世界、修行、歷史或敘事用途；本輪不刪內容,
設定/04_修行與特殊事物/洛生衣_雙生環與兩岸.md,5694,保留,仍有獨立人物、世界、修行、歷史或敘事用途；本輪不刪內容,
設定/04_修行與特殊事物/陣法與禁制.md,11845,保留,仍有獨立人物、世界、修行、歷史或敘事用途；本輪不刪內容,
設定/04_修行與特殊事物/雷道/README.md,11118,保留,仍有獨立人物、世界、修行、歷史或敘事用途；本輪不刪內容,
設定/04_修行與特殊事物/雷道/九霄劫雷.md,5611,保留,仍有獨立人物、世界、修行、歷史或敘事用途；本輪不刪內容,
設定/04_修行與特殊事物/雷道/兩儀玄雷.md,3017,保留,仍有獨立人物、世界、修行、歷史或敘事用途；本輪不刪內容,
設定/04_修行與特殊事物/雷道/千相紫雷.md,4753,保留,仍有獨立人物、世界、修行、歷史或敘事用途；本輪不刪內容,
設定/04_修行與特殊事物/雷道/天下異雷榜與色相.md,6105,保留,仍有獨立人物、世界、修行、歷史或敘事用途；本輪不刪內容,
設定/04_修行與特殊事物/雷道/太古震魂雷.md,5138,保留,仍有獨立人物、世界、修行、歷史或敘事用途；本輪不刪內容,
設定/04_修行與特殊事物/雷道/太玄宗三身日常.md,2692,保留,仍有獨立人物、世界、修行、歷史或敘事用途；本輪不刪內容,
設定/04_修行與特殊事物/雷道/太虛神雷.md,955,保留,仍有獨立人物、世界、修行、歷史或敘事用途；本輪不刪內容,
設定/04_修行與特殊事物/雷道/星羅銀雷.md,4654,保留,仍有獨立人物、世界、修行、歷史或敘事用途；本輪不刪內容,
設定/04_修行與特殊事物/雷道/歸墟黑雷.md,4638,保留,仍有獨立人物、世界、修行、歷史或敘事用途；本輪不刪內容,
設定/04_修行與特殊事物/雷道/殞星天雷.md,8067,保留,仍有獨立人物、世界、修行、歷史或敘事用途；本輪不刪內容,
設定/04_修行與特殊事物/雷道/流光金雷.md,787,保留,仍有獨立人物、世界、修行、歷史或敘事用途；本輪不刪內容,
設定/04_修行與特殊事物/雷道/無間神雷.md,2461,保留,仍有獨立人物、世界、修行、歷史或敘事用途；本輪不刪內容,
設定/04_修行與特殊事物/雷道/雷池與雷域.md,5447,保留,仍有獨立人物、世界、修行、歷史或敘事用途；本輪不刪內容,
設定/04_修行與特殊事物/雷道/雷種熔煉與雷身修行.md,14152,保留,仍有獨立人物、世界、修行、歷史或敘事用途；本輪不刪內容,
設定/05_故事主線與揭露/README.md,7930,保留,仍有獨立人物、世界、修行、歷史或敘事用途；本輪不刪內容,
設定/05_故事主線與揭露/三人的獨立故事與同行.md,2022,保留,仍有獨立人物、世界、修行、歷史或敘事用途；本輪不刪內容,
設定/05_故事主線與揭露/下界成長與相識順序.md,5996,保留,仍有獨立人物、世界、修行、歷史或敘事用途；本輪不刪內容,
設定/05_故事主線與揭露/主線推理骨架.md,61034,保留,仍有獨立人物、世界、修行、歷史或敘事用途；本輪不刪內容,
設定/05_故事主線與揭露/主線路線總稿.md,95870,保留,仍有獨立人物、世界、修行、歷史或敘事用途；本輪不刪內容,
設定/05_故事主線與揭露/主線路線總稿_小說審查.md,12167,移出現行設定，歷史歸檔,針對2026-10-01版的審查，不能作現行故事通過證明,歸檔/設定歷史/20261008/05_故事主線與揭露/主線路線總稿_小說審查.md
設定/05_故事主線與揭露/九雷取得與大比年齡線.md,22254,保留,仍有獨立人物、世界、修行、歷史或敘事用途；本輪不刪內容,
設定/05_故事主線與揭露/劫與生的煉丹日常.md,3674,保留,仍有獨立人物、世界、修行、歷史或敘事用途；本輪不刪內容,
設定/05_故事主線與揭露/封寒與第二雷.md,4926,保留,仍有獨立人物、世界、修行、歷史或敘事用途；本輪不刪內容,
設定/05_故事主線與揭露/旅行結構發想.md,15837,移出現行設定，歷史歸檔,D066已收斂，原路線與年表方案非現行排程,歸檔/設定歷史/20261008/05_故事主線與揭露/旅行結構發想.md
設定/05_故事主線與揭露/童年與第一雷.md,3344,保留,仍有獨立人物、世界、修行、歷史或敘事用途；本輪不刪內容,
設定/05_故事主線與揭露/線索與開篇.md,913,保留,仍有獨立人物、世界、修行、歷史或敘事用途；本輪不刪內容,
設定/05_故事主線與揭露/舊版素材移植清單.md,14097,保留,仍有獨立人物、世界、修行、歷史或敘事用途；本輪不刪內容,
設定/06_待定與決策紀錄/20261004_新想法待定矩陣.md,5169,保留,仍有未定選項或獨有細則；檔名不是可刪證據,
設定/06_待定與決策紀錄/README.md,294181,保留近期入口，舊條文歸檔,縮短294KB混合決策檔，保留近期紀錄及舊D號查找,歸檔/設定歷史/20261008/06_待定與決策紀錄/決策紀錄_完整歷史.md
設定/06_待定與決策紀錄/SETTING_FREEZE_v1_清單.md,4541,移出現行設定，歷史歸檔,早期凍結清單已被新卷綱、雷序與作者改定覆蓋,歸檔/設定歷史/20261008/06_待定與決策紀錄/SETTING_FREEZE_v1_清單.md
設定/06_待定與決策紀錄/三十二天人物交接.md,56577,移出現行設定，歷史歸檔,D060已合併；現行勢力與人物分檔另存,歸檔/設定歷史/20261008/06_待定與決策紀錄/三十二天人物交接.md
設定/06_待定與決策紀錄/三十二天遺跡洞府禁區提案.md,35810,保留,仍有未定選項或獨有細則；檔名不是可刪證據,
設定/06_待定與決策紀錄/三對朋友之約緣由提案.md,17851,移出現行設定，歷史歸檔,D075採用部分已入同行者檔；舊配對方案已撤,歸檔/設定歷史/20261008/06_待定與決策紀錄/三對朋友之約緣由提案.md
設定/06_待定與決策紀錄/主角群修仙武學整合提案.md,14669,保留,仍有未定選項或獨有細則；檔名不是可刪證據,
設定/06_待定與決策紀錄/主角群招式修仙化提案.md,7521,移出現行設定，歷史歸檔,已同步武學譜，原競選理由不需常駐,歸檔/設定歷史/20261008/06_待定與決策紀錄/主角群招式修仙化提案.md
設定/06_待定與決策紀錄/主角群武學譜提案.md,64811,移出現行設定，歷史歸檔,正式武學譜另立，原提案不是啟用表,歸檔/設定歷史/20261008/06_待定與決策紀錄/主角群武學譜提案.md
設定/06_待定與決策紀錄/九界文化差提案.md,12908,保留,仍有未定選項或獨有細則；檔名不是可刪證據,
設定/06_待定與決策紀錄/九雷人生節點.md,16639,保留,仍有未定選項或獨有細則；檔名不是可刪證據,
設定/06_待定與決策紀錄/二十八篇因果鏈.md,17724,保留,仍有未定選項或獨有細則；檔名不是可刪證據,
設定/06_待定與決策紀錄/來源存檔/JIE_TOURNAMENT_STAKES_AND_WORLD_DISCOVERY_SOURCE.md,12022,保留,仍有未定選項或獨有細則；檔名不是可刪證據,
設定/06_待定與決策紀錄/來源存檔/README.md,608,保留,仍有未定選項或獨有細則；檔名不是可刪證據,
設定/06_待定與決策紀錄/修仙城市與日常提案.md,15150,保留,仍有未定選項或獨有細則；檔名不是可刪證據,
設定/06_待定與決策紀錄/古戰與當代陰謀因果鏈.md,21877,保留,仍有未定選項或獨有細則；檔名不是可刪證據,
設定/06_待定與決策紀錄/古法對今法提案.md,17371,保留,仍有未定選項或獨有細則；檔名不是可刪證據,
設定/06_待定與決策紀錄/古飛揚絕學融入提案.md,38247,移出現行設定，歷史歸檔,採用結果已入武學譜；原型比較只供追溯,歸檔/設定歷史/20261008/06_待定與決策紀錄/古飛揚絕學融入提案.md
設定/06_待定與決策紀錄/喪葬祖先與信仰禁忌提案.md,13871,保留,仍有未定選項或獨有細則；檔名不是可刪證據,
設定/06_待定與決策紀錄/器與符提案.md,26195,保留,仍有未定選項或獨有細則；檔名不是可刪證據,
設定/06_待定與決策紀錄/四人核心定案提案.md,33172,移出現行設定，歷史歸檔,核心人物與人物關係已有現行檔；提案前後狀態混列,歸檔/設定歷史/20261008/06_待定與決策紀錄/四人核心定案提案.md
設定/06_待定與決策紀錄/四伴星與命圖回歸提案.md,39114,移出現行設定，歷史歸檔,四伴星編制後來撤除，現行命圖及同行者各有專檔,歸檔/設定歷史/20261008/06_待定與決策紀錄/四伴星與命圖回歸提案.md
設定/06_待定與決策紀錄/失敗者世界提案.md,11573,保留,仍有未定選項或獨有細則；檔名不是可刪證據,
設定/06_待定與決策紀錄/娛樂與酒提案.md,13358,保留,仍有未定選項或獨有細則；檔名不是可刪證據,
設定/06_待定與決策紀錄/婚姻家庭師徒提案.md,12169,保留,仍有未定選項或獨有細則；檔名不是可刪證據,
設定/06_待定與決策紀錄/宗門與天驕家底庫提案.md,60048,保留,仍有未定選項或獨有細則；檔名不是可刪證據,
設定/06_待定與決策紀錄/底層規格第一輪提案.md,59453,移出現行設定，歷史歸檔,D073裁定已入底層規格；原方案與詰辯供追溯,歸檔/設定歷史/20261008/06_待定與決策紀錄/底層規格第一輪提案.md
設定/06_待定與決策紀錄/待定問題.md,17832,保留,仍有未定選項或獨有細則；檔名不是可刪證據,
設定/06_待定與決策紀錄/戰鬥共同語法.md,9066,保留,仍有未定選項或獨有細則；檔名不是可刪證據,
設定/06_待定與決策紀錄/文明層路線圖.md,5800,保留,仍有未定選項或獨有細則；檔名不是可刪證據,
設定/06_待定與決策紀錄/普通修士的一生提案.md,20895,保留,仍有未定選項或獨有細則；檔名不是可刪證據,
設定/06_待定與決策紀錄/本輪定名核對.md,3118,保留,仍有未定選項或獨有細則；檔名不是可刪證據,
設定/06_待定與決策紀錄/本輪專家提案彙整.md,11092,移出現行設定，歷史歸檔,D058已分寫專檔，含舊百歲年表與撤回化身方案,歸檔/設定歷史/20261008/06_待定與決策紀錄/本輪專家提案彙整.md
設定/06_待定與決策紀錄/死亡與繼承提案.md,18228,保留,仍有未定選項或獨有細則；檔名不是可刪證據,
設定/06_待定與決策紀錄/法律與暴力秩序提案.md,19405,保留,仍有未定選項或獨有細則；檔名不是可刪證據,
設定/06_待定與決策紀錄/紙墨盤點_仙界記錄載體.md,7863,保留,仍有未定選項或獨有細則；檔名不是可刪證據,
設定/06_待定與決策紀錄/聖土重建交接.md,179321,移出現行設定，歷史歸檔,歷次交接與同步流水帳，現行聖土專檔及最新故事入口另存,歸檔/設定歷史/20261008/06_待定與決策紀錄/聖土重建交接.md
設定/06_待定與決策紀錄/聞人錦仙術版提案.md,6531,移出現行設定，歷史歸檔,採用仙術已入聞人錦人物檔；未採備案及候選篇位僅供追溯,歸檔/設定歷史/20261008/06_待定與決策紀錄/聞人錦仙術版提案.md
設定/06_待定與決策紀錄/聞人錦能力十方向提案.md,6214,移出現行設定，歷史歸檔,作者明確否決，D076作廢,歸檔/設定歷史/20261008/06_待定與決策紀錄/聞人錦能力十方向提案.md
設定/06_待定與決策紀錄/職業人口金字塔提案.md,17298,保留,仍有未定選項或獨有細則；檔名不是可刪證據,
設定/06_待定與決策紀錄/職業樹提案.md,21155,保留,仍有未定選項或獨有細則；檔名不是可刪證據,
設定/06_待定與決策紀錄/資訊與交通提案.md,57217,保留,仍有未定選項或獨有細則；檔名不是可刪證據,
設定/06_待定與決策紀錄/赤翎文奕與蒼梧封寒緣由提案.md,27064,保留,仍有未定選項或獨有細則；檔名不是可刪證據,
設定/06_待定與決策紀錄/醫療與時間提案.md,13307,保留,仍有未定選項或獨有細則；檔名不是可刪證據,
設定/06_待定與決策紀錄/陸沉修仙武學修訂提案.md,23474,保留,仍有未定選項或獨有細則；檔名不是可刪證據,
設定/06_待定與決策紀錄/雷檔放寬條文草案.md,19154,保留,仍有未定選項或獨有細則；檔名不是可刪證據,
設定/06_待定與決策紀錄/靈氣經濟學提案.md,18013,保留,仍有未定選項或獨有細則；檔名不是可刪證據,
設定/06_待定與決策紀錄/靈獸與妖族底盤提案.md,22995,保留,仍有未定選項或獨有細則；檔名不是可刪證據,
